,marketCap
A,48856465408
AA,9126754304
AAC,1227499904
AACG,67463472
AACI,202746000
AADI,533841696
AAIC,122696528
AAL,12713936896
AAMC,50361220
AAME,86201480
AAN,798256512
AAOI,163239648
AAON,4035383296
AAP,14909115392
AAPL,2454233284608
AAQC,488500032
AAT,2332408832
AATC,37087284
AAU,54476736
AAWW,2568278784
AB,5536914944
ABB,70007398400
ABBV,206628208640
ABC,25941170176
ABCB,3722001408
ABCL,4516559360
ABCM,5135883776
ABEO,89474544
ABEV,51141881856
ABG,4213011200
ABGI,188879504
ABIO,35160644
ABM,3271279872
ABMD,15910476800
ABNB,131932168192
ABOS,464573760
ABR,2871820032
ABSI,1037950784
ABST,479274176
ABT,232016265216
ABTX,866390528
ABUS,449000960
ABVC,92276968
AC,896882368
ACA,2685681408
ACAD,3165285632
ACAH,419175008
ACB,1569787264
ACBA,61448096
ACBI,607516608
ACC,7591013888
ACCD,2309247744
ACCO,867321984
ACEL,1184306048
ACER,34058276
ACET,295587456
ACEV,286260864
ACGL,16565149696
ACGLO,15014542336
ACH,12666926080
ACHC,5826028032
ACHL,227383664
ACHR,1394474112
ACHV,76479144
ACI,15961660416
ACII,421331264
ACIU,409761248
ACIW,4046621440
ACLS,2048675712
ACM,10523369472
ACMR,2095137792
ACN,234642014208
ACNB,244505376
ACOR,39268072
ACP,199651952
ACQR,606068672
ACR,139656016
ACRE,740748352
ACRO,374662496
ACRS,874938112
ACRX,85964536
ACST,69173744
ACT,3722522624
ACTD,381174912
ACTG,274472768
ACU,129835264
ACV,384958016
ACVA,3108388608
ACXP,50521116
ACY,189843248
ADAG,455180448
ADAP,664648064
ADBE,316354658304
ADC,4902023680
ADCT,2036585472
ADER,339281248
ADES,144416272
ADEX,336375008
ADF,151567648
ADGI,2199452160
ADI,99926204416
ADIL,64002868
ADM,37292339200
ADMA,297637280
ADMP,147352480
ADMS,373621920
ADN,487934304
ADNT,4367887872
ADOC,120282752
ADP,99408699392
ADPT,4562811904
ADRA,141881248
ADS,3895430400
ADSK,72809922560
ADT,7535471104
ADTN,1032502784
ADTX,32803656
ADUS,1637495936
ADV,2838494464
ADVM,207591680
ADX,2454807040
ADXN,46873960
ADXS,56798816
AE,130351680
AEAC,292349984
AEE,22110322688
AEF,427766624
AEG,10061149184
AEHA,132250000
AEHL,12292321
AEHR,569412480
AEI,48054248
AEIS,3466230784
AEL,3535618560
AEM,14071133184
AEMD,41905312
AENZ,332914912
AEO,4584812032
AEP,41439268864
AER,8454567424
AERI,533176800
AES,16575858688
AESE,71969712
AEVA,1905501696
AEY,25101724
AEYE,97153744
AEZS,65035472
AFAQ,273000000
AFB,426335744
AFBI,102402184
AFCG,328157376
AFG,11873946624
AFGC,26768070
AFI,46442520
AFIB,101246760
AFIN,917495936
AFINP,1225063296
AFL,39274557440
AFMD,719249344
AFRM,38229061632
AFT,254152992
AFYA,1415763200
AG,3452875520
AGAC,504044992
AGBA,58665828
AGC,863524992
AGCB,604957504
AGCO,9561095168
AGD,154171840
AGE,30890552
AGEN,716397440
AGFS,100101016
AGFY,432691520
AGGR,378587520
AGI,3348753152
AGIO,2476210432
AGL,9972692992
AGLE,343143488
AGM,1386016768
AGMH,232142976
AGNC,8402816000
AGNCM,9097117696
AGNCN,8775619584
AGNCP,6454839296
AGO,4040814080
AGR,15801063424
AGRO,1153882496
AGRX,64476628
AGS,278657024
AGTC,101542648
AGTI,3219972864
AGX,707257536
AGYS,1111098880
AHCO,3259558912
AHH,895729984
AHPI,20436946
AHT,2612371968
AI,4748377088
AIC,657326144
AIF,230483840
AIG,49715539968
AIH,91323872
AIHS,33653800
AIKI,68258512
AIM,80359440
AIMC,3850829312
AIN,2832709888
AINC,73435216
AINV,851685888
AIO,968763392
AIR,1333664256
AIRC,8464683008
AIRG,106105576
AIRI,33966156
AIRT,83054920
AIRTP,611863104
AIT,4098500864
AIV,1211032576
AIZ,9705192448
AJG,32676892672
AJRD,3513355264
AJX,319084544
AKAM,18019227648
AKBA,453926048
AKIC,286453408
AKR,1912547712
AKRO,871697280
AKTS,382843904
AKTX,64232676
AKU,152268288
AKUS,303153856
AKYA,499831744
AL,5357551104
ALAC,53767544
ALACR,1343750
ALACU,50588580
ALACW,905250
ALB,31353862144
ALBO,519408576
ALC,41195446272
ALCO,273423776
ALDX,493034944
ALE,3337480192
ALEC,1767242368
ALEX,1763912448
ALF,49567168
ALG,1858647936
ALGM,6292591104
ALGN,54030512128
ALGS,631825280
ALGT,3134306816
ALHC,4213665024
ALIM,38748704
ALJJ,48457544
ALK,6814443520
ALKS,3674350848
ALKT,2425133824
ALL,34471882752
ALLE,12170436608
ALLK,4425928704
ALLO,2723851264
ALLT,420518912
ALLY,18270867456
ALNA,46653984
ALNY,20173660160
ALOT,128823824
ALPN,317596448
ALPP,456825760
ALRM,4153814784
ALRN,74068792
ALRS,579321600
ALSN,4056451328
ALT,421558464
ALTG,536153440
ALTM,1041888000
ALTO,383901408
ALTR,5907279360
ALTU,372000000
ALV,9526855680
ALVR,1383847168
ALX,1389438208
ALXO,1781379968
ALYA,242893520
ALZN,187609280
AM,4981231104
AMAL,578858560
AMAM,441109856
AMAO,134944816
AMAT,142827814912
AMBA,6854115840
AMBC,782116928
AMBO,29059816
AMC,21272393728
AMCR,19202994176
AMCX,1990892416
AMD,179956613120
AME,32602300416
AMED,5892890112
AMEH,6428788224
AMG,7551232000
AMGN,119501488128
AMH,12905583616
AMK,1979225728
AMKR,5674835968
AMN,5288069632
AMNB,420246944
AMOT,600066176
AMOV,60068982784
AMP,35726557184
AMPE,250481904
AMPG,38122172
AMPH,1018921152
AMPI,280312512
AMPY,110834416
AMR,916005952
AMRC,4748247552
AMRK,746388864
AMRN,1624486656
AMRS,2263271680
AMRX,757733440
AMS,15316381
AMSC,432175648
AMSF,1089114240
AMST,28779500
AMSWA,1008057472
AMT,118464225280
AMTB,1105081344
AMTBB,1184022528
AMTI,844656256
AMTX,563068096
AMWD,1253831168
AMWL,1961908736
AMX,60579770368
AMYT,398593472
AMZN,1786169393152
AN,10244274176
ANAB,855561216
ANAC,385824512
ANAT,5112869888
ANDE,1237223680
ANEB,152440240
ANET,40037654528
ANF,2867032064
ANGI,5619806208
ANGN,126068600
ANGO,1113230720
ANIK,572054144
ANIP,561956992
ANIX,133277048
ANNX,575131072
ANPC,21516000
ANSS,34568683520
ANTE,37370340
ANTM,106897580032
ANVS,193273744
ANY,119265200
ANZU,415225024
AOD,1073269184
AOMR,447322656
AON,68253708288
AOS,13311429632
AOSL,1137837184
AOUT,345145344
AP,96169168
APA,11222018048
APAM,3947838720
APD,68957519872
APDN,38553520
APEI,466777504
APEN,273602304
APG,5002254336
APGB,847837504
APH,50779430912
API,3144738816
APLE,3532646656
APLS,3660189696
APLT,363965920
APM,76985552
APO,17637658624
APOG,1193919872
APP,37185703936
APPF,4385587200
APPH,577206656
APPN,6121655808
APPS,6068333056
APR,1070287168
APRE,99156344
APRN,143685968
APSG,1003652800
APT,68851528
APTO,226310112
APTS,707586240
APTV,46708961280
APTX,160057584
APVO,43827972
APWC,37520484
APYX,559381760
AQB,250709072
AQMS,134724752
AQN,8776859648
AQST,217229008
AQUA,5406290944
AR,6141249536
ARAV,80532600
ARAY,511211200
ARBG,281692512
ARC,131964320
ARCB,2841779712
ARCC,9228979200
ARCE,1044639040
ARCH,1253198592
ARCO,1087110144
ARCT,943319552
ARDC,374798400
ARDS,32123848
ARDX,107570576
ARE,30429011968
AREC,128909736
ARES,14087700480
ARGO,2060325760
ARGX,15541308416
ARI,2051398912
ARKO,1260455680
ARKR,61947932
ARL,191724240
ARLO,625414208
ARLP,1329645696
ARMK,9473341440
ARMP,86640456
ARNA,3611120384
ARNC,3439350272
AROC,1249377920
AROW,574227776
ARQT,996433664
ARR,730258112
ARRW,350031232
ARRY,3345656832
ARTL,18982262
ARTLW,513649
ARTNA,409118176
ARTW,17466858
ARVL,8001272320
ARVN,3996449280
ARW,9330597888
ARWR,6729095168
ARYD,196067584
ASA,435758848
ASAI,7482503680
ASAN,21849649152
ASAQ,306874976
ASB,3575707136
ASC,131674832
ASG,427283872
ASGI,75768656
ASGN,6853635584
ASH,6543205376
ASIX,1382077696
ASLE,760632064
ASLN,116447496
ASM,106879736
ASMB,109230304
ASML,354620014592
ASND,8447986176
ASO,4423558144
ASPC,282335424
ASPN,1724893312
ASPS,210105472
ASPU,116767864
ASR,6120000000
ASRT,66474060
ASRV,64520820
ASTC,44721852
ASTE,1607074560
ASTS,617393984
ASUR,168069328
ASX,16256962560
ASXC,408136736
ASYS,219225760
ASZ,1935944320
ATA,146160000
ATAQ,189016384
ATAX,401436416
ATC,4880226304
ATCO,3473864960
ATCX,338031904
ATEC,1173501568
ATEN,1261342080
ATER,208689744
ATEX,1086634496
ATGE,1598137984
ATH,16530164736
ATHA,589607552
ATHE,39943640
ATHM,4827977728
ATHN,250312496
ATHX,277608768
ATI,2177079296
ATIF,203909120
ATKR,4951675392
ATLC,1202429312
ATLO,224964272
ATMR,427368736
ATNF,100866712
ATNI,677606272
ATNM,160953344
ATNX,198714496
ATO,12497470464
ATOM,692276864
ATOS,296622912
ATR,8738766848
ATRA,1429303936
ATRC,3436813824
ATRI,1429590272
ATRO,424631040
ATRS,592480960
ATSG,2038356352
ATTO,369749984
ATUS,7938705920
ATVC,337065024
ATVI,55867527168
ATXI,22440780
ATY,242299056
AU,8760942592
AUB,2869927680
AUBN,120755936
AUD,435072480
AUDC,1248454528
AUGX,108100272
AUMN,79252864
AUPH,3566581504
AURC,348954592
AUS,970681856
AUTL,472453152
AUTO,39207316
AUUD,26084058
AUVI,48893884
AUY,4388416000
AVA,2787825152
AVAH,1377546752
AVAL,6279191040
AVAN,737249984
AVAV,2247905792
AVB,34215786496
AVCO,87667544
AVCT,35742400
AVD,525471776
AVDL,643071168
AVEO,239151168
AVGO,231405649920
AVGR,64295520
AVID,1542654848
AVIR,934513216
AVK,665300608
AVLR,13234248704
AVNS,1634410112
AVNT,5455932416
AVNW,350667520
AVO,1419953024
AVRO,214677744
AVT,3971124736
AVTR,22808166400
AVXL,1512139776
AVY,18763059200
AVYA,1720850560
AWF,1077871232
AWH,275946880
AWI,5391369216
AWK,31760687104
AWP,561984640
AWR,3428479232
AWRE,67706736
AWX,16572578
AX,3530010368
AXDX,388239840
AXGN,478303488
AXL,1125430784
AXLA,116562216
AXNX,2761251328
AXON,11564520448
AXP,145783422976
AXR,99373680
AXS,4536366080
AXSM,1406384896
AXTA,7663956992
AXTI,380098560
AXU,324719712
AY,4414746624
AYI,7835907072
AYLA,145658944
AYRO,90359824
AYTU,55878732
AYX,4829288960
AZEK,7326730752
AZN,151306436608
AZO,41624555520
AZPN,10119256064
AZRE,1125376640
AZUL,1734083200
AZYO,53192740
AZZ,1408327552
B,2224937472
BA,133810372608
BABA,456106868736
BAC,401494081536
BAH,12104271872
BAK,7071098880
BALY,2002266368
BAM,92658171904
BANC,1093307264
BAND,1983025152
BANF,2207566080
BANR,2149112064
BANX,145607312
BAOS,46232064
BAP,10039262208
BATL,196506112
BATRA,1593032832
BATRK,1603654656
BAX,39971704832
BB,6081248768
BBAR,755614016
BBBY,2359649792
BBCP,515952736
BBD,39823974400
BBDC,740031424
BBDO,37882732544
BBGI,66889296
BBI,23970428
BBIG,167916208
BBIO,7246245376
BBL,128667983872
BBLG,108285032
BBN,1504258688
BBQ,126767328
BBSI,591986304
BBU,3987563264
BBVA,43855376384
BBW,287367648
BBY,33463193600
BC,8003998720
BCAB,932481728
BCAC,73898928
BCACU,24840090
BCAT,2242561536
BCBP,261613456
BCC,2730309376
BCDA,40304640
BCE,46442934272
BCEL,191847760
BCH,9712784384
BCLI,110045360
BCML,210742560
BCO,3382290688
BCOR,870523264
BCOV,414786688
BCOW,54310656
BCPC,5425714688
BCRX,2102143616
BCS,45293379584
BCSF,993291008
BCTX,136585376
BCV,175024288
BCX,854015744
BCYC,1454271232
BDC,3043132928
BDJ,1908837248
BDL,61670008
BDN,2480872960
BDR,13623010
BDSI,314878432
BDSX,188295616
BDTX,277365600
BDX,71026475008
BE,5287201280
BEAM,5582186496
BECN,4173645824
BEDU,320814784
BEEM,281054112
BEKE,28962686976
BELFA,183380992
BELFB,173638288
BEN,18032513024
BENE,155938096
BEP,10498788352
BEPC,6797965312
BERY,9295959040
BEST,489132000
BFAM,8331774976
BFC,564052032
BFI,153045056
BFIN,164499616
BFK,680447808
BFLY,1515048448
BFRA,127997000
BFS,1202964992
BFST,578025280
BFZ,463230304
BG,13688973312
BGB,623738368
BGCP,1813081600
BGFV,686538112
BGH,346109184
BGI,51504208
BGIO,57753632
BGNE,35606712320
BGR,295160192
BGS,2143294464
BGSF,158812640
BGSX,250032496
BGT,307455488
BGX,197479216
BGY,658784192
BH,470603200
BHAT,32070058
BHB,457832352
BHC,9558421504
BHE,935166208
BHF,4778571264
BHFAL,5464747520
BHFAP,4473103360
BHK,881777600
BHLB,1414232448
BHP,134212780032
BHR,253435056
BHSE,93375000
BHTG,33034740
BHV,29749288
BHVN,7576553984
BIDU,59089408000
BIF,1319779584
BIG,1710152064
BIGC,3979451136
BIIB,39806742528
BILI,33203281920
BILL,30872352768
BIMI,24557604
BIO,23009370112
BIOC,51077312
BIOL,74928784
BIOT,284624992
BIOX,621428672
BIP,17332123648
BIPC,2816142592
BIT,703052928
BITE,249990000
BITF,1216692608
BIVI,129086480
BJ,8293178368
BJRI,791528896
BK,52213686272
BKCC,315887136
BKD,1271164544
BKE,2545208576
BKEP,141820912
BKEPP,348523904
BKH,4101121280
BKI,12161077248
BKN,298794400
BKNG,97780170752
BKR,25972045824
BKSC,112370768
BKT,377879648
BKTI,46034784
BKU,4016993280
BKYI,22366514
BL,7333292032
BLBD,685500224
BLBX,32260348
BLCM,16879578
BLCT,97479088
BLD,9079177216
BLDE,783993728
BLDP,5240066560
BLDR,14118254592
BLE,755557120
BLFS,1694206080
BLI,1644089216
BLIN,20903022
BLK,144763043840
BLKB,4017559552
BLL,31949060096
BLMN,1749036800
BLNK,1817071744
BLPH,33272470
BLRX,130258896
BLSA,188301360
BLTS,281175008
BLU,492742240
BLUA,359660128
BLUE,774298432
BLW,611558656
BLX,680079168
BMA,1857529600
BMBL,7052643328
BME,602674944
BMEA,332556928
BMEZ,2926700800
BMI,3162700032
BMO,72034770944
BMRA,57082208
BMRC,509816000
BMRN,15030611968
BMTC,987297472
BMTX,144617440
BMY,133640683520
BNED,531771648
BNFT,348398400
BNGO,1355182976
BNL,3789653760
BNR,1427602944
BNS,79981232128
BNSO,26715234
BNTC,28110614
BNTX,61578194944
BNY,373563104
BOAC,744946944
BOAS,280024992
BOE,786550784
BOH,3549447168
BOKF,7452433920
BOLT,352588576
BOMN,952054592
BOOM,779115520
BOOT,3613450240
BORR,337612032
BOSC,17814254
BOTJ,75879256
BOX,4203211776
BOXL,104209096
BP,93633372160
BPMC,6720940544
BPMP,1365478784
BPOP,6788424704
BPRN,205723328
BPT,91604840
BPTH,32155938
BPTS,67021720
BPYPP,16917325824
BQ,173323904
BR,20685524992
BRBR,1076065792
BRBS,343402592
BRC,2840562688
BRCN,141373328
BREZ,148530032
BRFS,3382709760
BRG,426082048
BRID,111191168
BRKL,1303894272
BRKR,12649043968
BRKS,8843536384
BRLI,62087760
BRMK,1326392832
BRN,21300444
BRO,18365216768
BROG,1009305472
BRP,4022572032
BRPM,220907808
BRQS,64122760
BRT,353066624
BRTX,21598251008
BRX,7227909120
BRY,768498048
BSA,1027046720
BSAC,8878161920
BSBK,147139072
BSBR,45958709248
BSET,177084560
BSFC,64064196
BSGM,114894040
BSIG,2430234624
BSL,228375424
BSM,2465697024
BSMX,8583988736
BSN,380068128
BSQR,30299820
BSRR,413780000
BST,1395766528
BSTZ,3381281536
BSVN,229489232
BSX,58861195264
BSY,16066420736
BTA,194962944
BTAI,650408000
BTAQ,440991232
BTAQU,465546912
BTB,34873976
BTBT,560980800
BTCM,414911072
BTCS,406450848
BTCY,161938048
BTG,4728515072
BTI,80944553984
BTN,58658140
BTNB,373750016
BTO,836694784
BTRS,1370326784
BTT,1813058560
BTTR,260662576
BTU,1084878208
BTWN,744783232
BTX,331873536
BTZ,1414000768
BUD,119770931200
BUI,542008320
BUR,2435835904
BURL,18190374912
BUSE,1495041920
BV,1743950720
BVH,715507072
BVN,1954430080
BVS,884769920
BVXV,30168506
BW,837727744
BWA,11644619776
BWAC,163070208
BWAY,140482144
BWB,540062272
BWEN,58772760
BWFG,249912704
BWG,209276208
BWMN,189624112
BWMX,912795776
BWXT,5085297152
BX,101938421760
BXC,695900928
BXMT,4900544000
BXMX,1556100608
BXP,18611824640
BXRX,39608404
BY,1038747200
BYD,6750638592
BYFC,198679072
BYM,403578048
BYND,5188864512
BYRN,247313472
BYSI,549837376
BYTS,394095968
BZ,15798025216
BZH,683776128
BZUN,1465938432
C,139959959552
CAAP,971702656
CAAS,122481648
CABA,302629568
CABO,11165723648
CAC,739325184
CACC,10967591936
CACI,6664612352
CADE,3873958400
CAE,8497847808
CAF,467388864
CAG,15714178048
CAH,14651023360
CAI,970256960
CAJ,24011153408
CAKE,2303490048
CAL,1025205376
CALA,72655800
CALB,158261616
CALM,1812174080
CALT,415763808
CALX,4485854720
CAMP,357613152
CAMT,2009221376
CAN,1702668800
CANF,23831976
CANG,653873920
CANO,5339230208
CAPL,758937280
CAPR,77327304
CAR,18870958080
CARA,771891712
CARE,412623648
CARG,4449906688
CARR,48729116672
CARS,887905024
CARV,49349064
CAS,286924992
CASA,493367168
CASH,2080617344
CASI,139111984
CASS,652924864
CASY,7325705728
CAT,113506951168
CATC,642134208
CATO,430182176
CATY,3577957376
CB,87141122048
CBAH,436571616
CBAN,176582320
CBAT,189173056
CBAY,290472320
CBD,1182042496
CBFV,130642256
CBH,197023824
CBIO,51883752
CBL,6397029376
CBNK,382400032
CBOE,14225510400
CBRE,35170140160
CBRL,3400637440
CBSH,8632502272
CBT,3301874176
CBTX,736599296
CBU,3992615936
CBZ,2102987264
CC,5508705280
CCAC,344828960
CCAP,536448128
CCB,531635232
CCBG,469493952
CCCC,2000387072
CCD,808511232
CCEL,94969728
CCEP,25678686208
CCF,1027037760
CCI,79280070656
CCJ,10541515776
CCK,15189627904
CCL,25727569920
CCLP,69078528
CCM,105061880
CCMP,4319030784
CCNC,54233612
CCNE,461962656
CCO,1652623744
CCOI,3828743680
CCRN,1008635328
CCS,2442712320
CCU,3393876224
CCV,616249984
CCVI,680747072
CCXI,2776382976
CCZ,59557335040
CD,3736302848
CDAK,316199904
CDAY,18024966144
CDE,1773351168
CDEV,1976834048
CDK,5071278080
CDLX,2831782912
CDMO,2022550912
CDNA,2462154240
CDNS,50993451008
CDOR,87317224
CDR,316171936
CDTX,78712376
CDW,26906550272
CDXC,415407200
CDXS,2367904256
CDZI,225838304
CE,18947123200
CEA,9998332928
CECE,241399200
CEE,191113872
CEI,61670340
CEIX,851676480
CELC,217148992
CELH,5628431360
CELP,18127012
CEM,425024960
CEMI,40894092
CEN,77350760
CENT,2908508672
CENTA,2858019072
CENX,1311676928
CEPU,1025822144
CEQP,1816243584
CERE,4993843712
CERN,22442090496
CERS,1215321216
CERT,5586793472
CET,1098160640
CETX,22612980
CETXP,10033826
CEV,101082832
CEVA,1104741632
CF,13792241664
CFB,776291072
CFBK,144078560
CFFE,316150304
CFFI,193886272
CFFN,1738595200
CFG,21287981056
CFIV,621649216
CFMS,187950272
CFR,8464869888
CFRX,149461984
CFV,317544512
CFVI,373214016
CFX,7063247360
CFXA,5322916864
CG,20937535488
CGA,95316080
CGAU,2518644480
CGBD,754675328
CGC,5430627840
CGEM,880765824
CGEN,438880096
CGNT,1430081280
CGNX,14703498240
CGO,144382256
CGRN,79815120
CHAA,364121888
CHCI,42704376
CHCO,1272586240
CHCT,1126360832
CHD,22430199808
CHDN,8915954688
CHE,7993862144
CHEF,1251510912
CHEK,64862712
CHGG,4182810624
CHH,8308485120
CHI,1148398080
CHK,6121602560
CHKP,15761402880
CHMG,223161616
CHMI,153838800
CHN,283744448
CHNG,6424487936
CHNR,46292888
CHPM,376406272
CHPT,7892407296
CHRA,133582840
CHRS,1456720512
CHRW,12949139456
CHS,814077248
CHT,31717863424
CHTR,130728550400
CHUY,644506496
CHW,623562304
CHWY,30634301440
CHX,4911665152
CHY,1234269312
CI,75108196352
CIA,320673120
CIB,7935751680
CIDM,308657856
CIEN,9521266688
CIF,58378100
CIG,4519286784
CIGI,6330964480
CIH,127868296
CII,953463488
CIK,182021056
CIM,3812227072
CINF,19658665984
CINR,359292832
CIO,810657856
CIR,654784768
CIT,5043465728
CIVB,394395072
CIX,266749808
CIXX,4808256512
CIZN,103513424
CJJD,25940392
CKPT,312225952
CKX,23485020
CL,66247831552
CLAA,402600000
CLAR,891358720
CLAS,315675488
CLB,1229429632
CLBK,2071211776
CLBS,61878956
CLDT,624788608
CLDX,1697089408
CLEU,26763262
CLF,10650796032
CLFD,912544512
CLGN,219611488
CLH,5838444544
CLI,1709364480
CLIM,236911504
CLIR,52377372
CLLS,427809632
CLM,1112882432
CLMT,1087306496
CLNE,1821014016
CLNN,328704512
CLOV,2769036800
CLPR,142159328
CLPS,63031484
CLPT,323983200
CLR,17354084352
CLRB,43762828
CLRM,352187520
CLRO,24971814
CLS,1485519744
CLSD,271771456
CLSK,652454144
CLSN,70509896
CLVR,146902624
CLVS,406757856
CLVT,14581638144
CLW,679230080
CLWT,17989598
CLX,21068492800
CLXT,131317760
CM,53332037632
CMA,12531662848
CMBM,770117120
CMC,4019734272
CMCL,167239440
CMCM,240722512
CMCO,1456853632
CMCSA,245874458624
CMCT,115069672
CMCTP,929169984
CME,81717911552
CMG,51326808064
CMI,34780233728
CMLS,265588336
CMLT,686660416
CMMB,106948192
CMP,1944043776
CMPI,85852656
CMPR,2288622592
CMPS,1415148032
CMPX,188833680
CMRE,1513171456
CMRX,507785120
CMS,17607852032
CMSA,7435366400
CMT,84717528
CMTL,702820224
CMU,129474952
CNA,12348628992
CNC,43725520896
CNCE,127247376
CND,418264960
CNDT,1213803136
CNET,42887712
CNEY,57505000
CNF,320278880
CNFR,25172498
CNHI,25762201600
CNI,91406712832
CNK,2401578752
CNMD,4415599104
CNNB,43552480
CNNE,3097938944
CNO,3279965440
CNOB,1388496384
CNP,14787886080
CNQ,49550004224
CNR,2082981504
CNS,4796090368
CNSL,703853952
CNSP,28909374
CNTB,757330304
CNTG,216154832
CNTX,40181348
CNTY,440682400
CNVY,542275776
CNX,3322772992
CNXC,9791151104
CNXN,1287624576
CO,520238304
COCP,87029888
CODA,93156928
CODI,2049542016
CODX,275764032
COE,49674932
COF,69578964992
COFS,201094928
COGT,408109440
COHN,23899990
COHR,6337609728
COHU,1823888896
COIN,88721244160
COKE,4950433280
COLB,2557590016
COLD,7912047104
COLI,420035328
COLL,709534144
COLM,7122529280
COMM,2036708352
COMP,4242643712
COMS,86601440
CONE,10968809472
CONN,690118528
CONX,922696832
COO,20675745792
COOL,489249984
COOP,3668502272
COP,98278260736
COR,7385863168
CORR,62182580
CORT,2730261504
COST,231611236352
COTY,8346736128
COUP,16782381056
COUR,4909443072
COVA,366412128
COWN,1068113536
CP,10283831296
CPA,3175260672
CPAC,633440704
CPB,12647596032
CPE,2931575552
CPF,799770048
CPG,2716417536
CPHC,77430272
CPHI,26940908
CPIX,39988968
CPK,2349533184
CPLG,910625664
CPLP,266180224
CPNG,51006566400
CPRI,9881783296
CPRT,37410078720
CPRX,751456256
CPS,424589056
CPSH,71153776
CPSI,456298208
CPSR,343275008
CPSS,197748672
CPT,16315924480
CPTAG,128856120
CPTAL,131366400
CPTK,340159648
CPUH,1055479488
CQP,20520071168
CR,6303309824
CRAI,728424896
CRBP,136911136
CRC,3651068928
CRCT,5578423296
CRDF,199026144
CREG,37569200
CRESY,517607328
CREX,26652328
CRF,566397568
CRH,39828955136
CRHC,1024577536
CRI,4850204160
CRIS,518089760
CRK,2135847808
CRKN,56109268
CRL,19707138048
CRM,281991184384
CRMD,193316608
CRMT,835291584
CRNC,3992941312
CRNT,257242112
CRNX,1018969088
CRON,2151856640
CROX,11853016064
CRS,1567297280
CRSP,6499456000
CRSR,2415309824
CRT,80520000
CRTD,34067760
CRTO,2541614080
CRTX,430512672
CRU,315837216
CRUS,4581322752
CRVL,3466618112
CRVS,142128624
CRWD,58309730304
CRWS,79586544
CRY,776877312
CRZN,248889792
CS,23278659584
CSAN,6916819456
CSBR,131692616
CSCO,242000429056
CSCW,51891796
CSGP,3310748672
CSGS,1710572416
CSII,1035376384
CSIQ,2350906368
CSL,12540669952
CSLT,301625312
CSPI,39765428
CSPR,275577984
CSQ,2983095552
CSR,1377412608
CSSE,228140464
CSSEP,97000072
CSTA,387928736
CSTE,413295616
CSTL,1336613248
CSTM,2708922624
CSTR,486964992
CSV,916030016
CSWC,582353728
CSWI,2206054656
CSX,26698350592
CTAQ,509660224
CTAS,46222270464
CTBI,792191872
CTEK,21090018
CTG,131663840
CTHR,92992096
CTIB,8045351
CTIC,243466528
CTK,67185768
CTLP,693335168
CTLT,22178527232
CTMX,467104736
CTO,333681024
CTOS,2461047808
CTR,196256800
CTRA,396974240
CTRE,1995708928
CTRM,186208496
CTRN,836274944
CTS,1234091520
CTSH,43395457024
CTSO,265980496
CTT,417148544
CTVA,35970527232
CTXR,241130160
CTXS,10921729024
CUBA,37538000
CUBE,10793250816
CUBI,1876285440
CUE,549027008
CUEN,37063328
CUK,23174182912
CULL,32312196
CULP,157113888
CURI,469153344
CURO,717327936
CUTR,804064768
CUZ,5981796864
CVA,2690043648
CVAC,6644329472
CVBF,2806747904
CVCO,2690983424
CVCY,268026432
CVE,25016502272
CVEO,297435232
CVET,2431966976
CVGI,298234592
CVGW,760407680
CVI,1862839552
CVII,1695675008
CVLG,510936000
CVLT,2973303040
CVLY,228850096
CVM,489509952
CVNA,51270156288
CVR,26278792
CVS,123494268928
CVU,37118960
CVV,36829044
CVX,226026487808
CW,5359219712
CWBC,110758064
CWBR,35837212
CWCO,172631184
CWEN,7391070208
CWH,3782858752
CWK,4256996864
CWST,4504561152
CWT,3268962304
CX,9463383040
CXDO,111374208
CXE,161144208
CXH,90510240
CXP,2200315648
CXW,1388598016
CYAD,61732024
CYAN,21106134
CYBE,338764224
CYBR,7702389248
CYCC,44139048
CYCCP,14222996
CYCN,104892240
CYD,504600032
CYH,1963600384
CYRN,34839836
CYRX,3591250944
CYT,559737600
CYTH,47689312
CYTK,2898219264
CZNC,431514592
CZR,20865728512
CZWI,150262688
D,61247438848
DAC,1456626432
DADA,5664112640
DAIO,43715372
DAKT,235174272
DAL,26644494336
DAN,3506669824
DAO,2086046592
DAR,12562448384
DARE,85622424
DASH,78143414272
DAVA,10144867328
DAWN,1368961280
DB,26344255488
DBD,684060992
DBDR,294081184
DBGI,34608072
DBI,1154230656
DBL,289321920
DBRG,3989807360
DBTX,189616800
DBVT,349399776
DBX,10252703744
DCBO,2429186560
DCF,143047248
DCI,7866016256
DCO,595876544
DCOM,1548996608
DCP,6237346304
DCPH,534432704
DCRN,515954688
DCT,3912140800
DCTH,66545332
DCUE,60611706880
DD,42140327936
DDD,3157512448
DDF,86923248
DDMX,159148640
DDOG,59141693440
DDS,7056193024
DE,112923009024
DEA,1782799872
DECK,11985178624
DEI,6429257728
DELL,43536924672
DEN,4314701824
DENN,957040448
DEO,122000637952
DESP,782308160
DEX,121602672
DFFN,41770452
DFH,1693143424
DFIN,1692000512
DFP,552368576
DFS,35548332032
DG,54381473792
DGICA,439396544
DGICB,412482976
DGII,824534784
DGLY,63181556
DGNS,364180448
DGNU,498993024
DGX,18096314368
DHBC,352411168
DHBCU,365700000
DHC,816067904
DHCA,376207488
DHF,241026016
DHHC,336720000
DHI,35655475200
DHIL,696276736
DHR,218976649216
DHT,1016989120
DHX,290102464
DHY,259285040
DIAX,651356608
DIBS,505689760
DIN,1448933888
DIOD,4844017152
DIS,289691336704
DISA,335156256
DISCA,13037768704
DISCB,9394270208
DISCK,14128718848
DISH,18937432064
DIT,90104720
DJCO,512253568
DK,1348231424
DKL,2002736000
DKNG,15387205632
DKS,12102253568
DLA,191559040
DLB,8989707264
DLCA,252281248
DLHC,201345632
DLNG,119218392
DLPN,72810968
DLR,45628518400
DLTH,538114496
DLTR,30438164480
DLX,1586760192
DLY,923915584
DM,1753351296
DMAC,73641904
DMB,268276368
DMF,184059600
DMLP,658222592
DMO,176984944
DMRC,827472000
DMS,402923872
DMTK,665879488
DMYQ,457771872
DNAY,230065520
DNB,8701519872
DNLI,6067332608
DNMR,1326681984
DNN,1497726720
DNOW,1113239680
DNP,3391905792
DNZ,350390624
DOC,3958510080
DOCN,13636333568
DOCU,51670179840
DOGZ,103105544
DOMO,2687781888
DOOO,7540300800
DOOR,2813916928
DORM,3806279680
DOV,25388005376
DOW,44655001600
DOX,9466182656
DOYU,1148411392
DPG,545794624
DPW,101291112
DPZ,20212860928
DQ,5119486976
DRD,829334080
DRE,21734129664
DRH,2075187200
DRI,19312427008
DRIO,272151232
DRNA,1645662080
DRQ,718691456
DRRX,254103472
DRTT,204961648
DRVN,5367228928
DS,226170448
DSAC,216781248
DSEY,4277317376
DSGN,1142379392
DSGX,7531086848
DSKE,675406720
DSL,1771902208
DSM,406738912
DSP,745323200
DSPG,532505056
DSS,74439864
DSU,548152512
DSWL,66843836
DSX,404584704
DT,19818907648
DTE,21953996800
DTEA,112899944
DTF,100593152
DTIL,546062848
DTOC,405619360
DTSS,41659756
DTST,548874368
DTW,4624795136
DTY,23005749248
DUK,77048627200
DUNE,90939816
DUO,84637600
DUOT,22409846
DV,5030211584
DVA,11163744256
DVAX,1979877760
DVD,131131272
DVN,29059315712
DWIN,254535456
DWSN,54682840
DX,550892096
DXC,8467795968
DXCM,62889783296
DXF,26767134
DXLG,543470080
DXPE,643815296
DXR,43001160
DXYN,87597104
DY,2569713664
DYAI,104154872
DYFN,82498976
DYN,751702656
DYNS,294065664
DYNT,23789640
DZSI,393964032
E,51341942784
EA,40630046720
EAC,337755008
EAD,543155264
EAF,3438364160
EAI,1191920640
EAR,266860032
EARN,146085328
EAST,33465432
EAT,1872126720
EB,1961544832
EBAC,162933824
EBAY,51755474944
EBC,3917249024
EBET,428065888
EBF,523371136
EBIX,1118441344
EBMT,154819040
EBON,364236608
EBR,9876414464
EBS,2146367232
EBTC,481080416
EC,29432764416
ECC,482411552
ECCB,413788064
ECCX,461131936
ECCY,463845536
ECF,195472752
ECHO,1283303168
ECL,67538317312
ECOL,1124989184
ECOM,806481344
ECOR,43689960
ECPG,1838676480
ED,27903506432
EDAP,195741600
EDD,387299712
EDF,120566760
EDI,82482640
EDIT,2456699392
EDN,455074144
EDR,7406073344
EDRY,51167716
EDSA,89872968
EDTK,17280000
EDTX,114540000
EDTXU,38107748
EDU,3928804608
EDUC,81755992
EEA,82778720
EEFT,6108372992
EEIQ,34491360
EEX,326610304
EFC,786757120
EFL,222513104
EFOI,12876504
EFR,567222400
EFSC,1503624832
EFT,595962304
EFX,34762027008
EGAN,343157760
EGBN,1914222080
EGF,53527960
EGHT,2472570112
EGLE,464460992
EGLX,461641600
EGO,1830432896
EGP,8249231360
EGRX,663821376
EGY,218821248
EH,1353576192
EHC,6297549824
EHI,229095200
EHTH,745660096
EIG,1142028928
EIGR,261068512
EIM,973526784
EIX,24350435328
EJFA,360632800
EJH,78164416
EKSO,47709348
EL,127138398208
ELA,117122008
ELAN,15318720512
ELDN,78259968
ELF,1660027776
ELLO,413557056
ELMD,107419896
ELOX,102134672
ELP,15051024384
ELS,15515006976
ELSE,17996256
ELTK,32706016
ELVT,122452992
ELY,5527233024
ELYS,90027592
EM,680935296
EMAN,171007392
EMCF,77350392
EMD,832220160
EME,7064780800
EMF,288888224
EMKR,309742112
EML,164717184
EMN,15672487936
EMO,327897920
EMP,218825584
EMR,57931014144
EMX,238952608
ENB,82039185408
ENBA,43559596032
ENBL,3436803328
ENDP,1545645568
ENFA,366415680
ENG,81154456
ENIA,12821897216
ENIC,2911909888
ENJ,213518528
ENLC,3501449984
ENLV,148231216
ENNV,428231264
ENO,214609296
ENOB,506606592
ENPC,435850880
ENPH,33333782528
ENR,2668379648
ENS,3475380224
ENSG,4441082368
ENSV,14292018
ENTA,1857949184
ENTG,20632735744
ENTX,88449696
ENV,4533946880
ENVA,1535849344
ENVB,37219124
ENVI,257973760
ENX,223942176
ENZ,164319408
EOD,252974464
EOG,53879373824
EOI,790803648
EOLS,380032736
EOS,1222131968
EOSE,568778240
EOT,344099520
EPAC,1378563072
EPAM,37385666560
EPAY,2135949952
EPC,2348019712
EPD,49920434176
EPHY,501413632
EPIX,543421312
EPM,191495360
EPR,3813193216
EPRT,3383913472
EPSN,125748632
EPWR,337409984
EPZM,433398016
EQ,159140848
EQBK,506011360
EQC,3174849024
EQD,510254976
EQH,14899617792
EQHA,268124032
EQIX,71637049344
EQNR,88016912384
EQOS,197871840
EQR,32792758272
EQS,32173080
EQT,6062290944
EQX,2510550016
ERC,382106688
ERES,425212480
ERF,2606012416
ERH,134579712
ERIC,36350234624
ERIE,11907978240
ERII,1260032640
ERJ,2961856000
ERO,1610535296
ERYP,63814568
ES,28662616064
ESBA,2970309888
ESBK,80148984
ESCA,267924304
ESE,2404096000
ESEA,190307648
ESGC,225426064
ESGR,5142799872
ESGRO,3791999488
ESGRP,4024563712
ESI,6329949696
ESLT,6806196224
ESM,374851456
ESNT,5202534400
ESP,41431316
ESPR,239632848
ESQ,285399136
ESRT,2958621952
ESS,22867134464
ESSA,185252112
ESSC,181637920
ESTA,1616569472
ESTC,16636110848
ESTE,873850944
ESXB,270638400
ET,24979501056
ETAC,750570048
ETB,457657568
ETG,1736592512
ETJ,739463872
ETN,69602009088
ETNB,331195552
ETO,518263648
ETON,116903704
ETR,21187848192
ETRN,4448241664
ETSY,36384505856
ETTX,103722632
ETV,1546573696
ETW,1190418560
ETWO,2462094848
ETX,238318688
ETY,2263617536
EUCR,131495416
EURN,2010729728
EUSG,181910592
EVA,2669068288
EVAX,116344120
EVBG,5003866624
EVBN,215007552
EVC,706733376
EVER,447293376
EVF,263930192
EVFM,58617660
EVG,242477024
EVGN,94771304
EVH,2402764544
EVI,429404736
EVK,44876420
EVLO,569988416
EVM,296432384
EVN,540663936
EVOJ,152037088
EVOK,33019440
EVOL,31544628
EVOP,1140462848
EVR,6337626624
EVRG,15069786112
EVRI,2166919936
EVT,2158910720
EVTC,3162200064
EVV,1528494464
EW,73060990976
EWBC,11890957312
EWTX,1000354816
EXAS,15098204160
EXC,53175906304
EXD,119213928
EXEL,5572021248
EXG,3188706304
EXK,934601408
EXLS,4598091264
EXN,47602424
EXP,6825559040
EXPD,21916336128
EXPE,25866082304
EXPI,6499748864
EXPO,6465063936
EXPR,269337952
EXR,26718855168
EXTN,140133216
EXTR,1571716096
EYE,3961277696
EYEN,92485480
EYES,74238208
EYPT,388010240
EZGO,40237284
EZPW,442010464
F,78455685120
FACA,405785440
FACT,419175008
FAF,8277916672
FAM,101773472
FAMI,58212032
FANG,19955075072
FANH,773202240
FARM,139326208
FARO,1402048896
FAST,35243302912
FAT,141984496
FATE,5143420416
FAX,1037103104
FB,971627167744
FBC,2553753344
FBHS,15026360320
FBIO,318525728
FBIOP,138544720
FBIZ,265294992
FBK,2213230336
FBMS,879842816
FBNC,1412635776
FBP,3110246656
FBRX,44453492
FC,703427776
FCAP,145769696
FCAX,492500032
FCBC,601728832
FCCO,161033712
FCCY,265468416
FCEL,3380005632
FCF,1516858624
FCFS,2929766912
FCN,5099016192
FCNCA,8168289280
FCO,73166600
FCPT,2173548032
FCRD,142718544
FCT,314401024
FCUV,336574048
FCX,58284126208
FDBC,272436320
FDEU,226682208
FDMT,637996160
FDP,1366868480
FDS,17495476224
FDUS,437065344
FDX,67603832832
FE,21513965568
FEDU,66326828
FEI,353687808
FEIM,88868328
FELE,4337392128
FEN,284053536
FENC,253528272
FENG,88797128
FEO,71881920
FERG,35504783360
FET,113407496
FF,385815008
FFA,427831744
FFBC,2438847232
FFBW,86446784
FFC,1004782336
FFHL,31776622
FFIC,749401152
FFIN,7694827008
FFIV,13975641088
FFNW,164382080
FFWM,1277867264
FGB,60343916
FGBI,219103120
FGEN,1113830016
FGF,19540482
FHB,3682980864
FHI,3542084864
FHN,9498071040
FHS,72365504
FHTX,498634880
FIBK,2716352768
FICO,11454850048
FIF,233284016
FIGS,5450637312
FINM,506114976
FINS,254781168
FINV,1890117888
FIS,71562461184
FISI,520058496
FISK,2919548416
FISV,68113788928
FITB,31468390400
FITBI,19713009664
FIV,348512480
FIVE,12150007808
FIVN,11014494208
FIX,3682242560
FIXX,325378784
FIZZ,5978268160
FKWL,52318612
FL,5771024896
FLAC,173977552
FLC,237592576
FLDM,370316224
FLEX,9456813056
FLGC,198772576
FLGT,2723193856
FLIC,518495552
FLL,357805504
FLME,280887520
FLMN,474148928
FLNG,1133744256
FLNT,196313120
FLO,5701593088
FLOW,3378936576
FLR,3322281472
FLS,4375977984
FLT,19858042880
FLUX,78302864
FLWS,2292286720
FLXN,457719360
FLXS,200878720
FLYW,4363216896
FMAC,511295200
FMAO,296355456
FMBH,805593856
FMBI,2368938240
FMC,13708646400
FMIV,338076224
FMN,173601680
FMNB,520234848
FMO,80309448
FMS,19659083776
FMTX,919759552
FMX,28284119040
FMY,57045644
FN,4353002496
FNB,4029041664
FNCB,179999824
FNCH,671944256
FND,14219248640
FNF,14822637568
FNGD,1128067712
FNHC,31370324
FNKO,901566272
FNLC,341092192
FNV,28178188288
FNWB,193392672
FOA,369447552
FOCS,4912340480
FOE,1766974080
FOF,392815168
FOLD,3198041344
FONR,123280320
FOR,1050779456
FORA,322501120
FORD,21285990
FORM,3328461568
FORR,1130141312
FORTY,1866975232
FOSL,859867200
FOUR,5693024768
FOX,22691176448
FOXA,23161636864
FOXF,7866628096
FOXW,71796000
FPAC,756438784
FPAY,51312724
FPF,1520055424
FPH,962104000
FPI,387790144
FPL,146088656
FR,7887138304
FRA,480567232
FRAF,142158000
FRBA,299971584
FRBK,204655376
FRC,38910955520
FRD,98545792
FREE,475313664
FREQ,214554384
FRG,1807519488
FRGI,288471744
FRHC,4185234688
FRLN,106290208
FRME,2314594816
FRO,1532132736
FROG,3367550720
FRON,226780000
FRPH,570027200
FRPT,5490301952
FRSG,281339712
FRST,390033344
FRSX,184537456
FRT,9990335488
FRTA,1587140992
FRW,248919456
FRXB,428207488
FSBC,493510560
FSBW,148775248
FSD,528325536
FSEA,58501620
FSFG,64707696
FSI,46787500
FSII,332678336
FSK,6086099456
FSLR,11944685568
FSLY,5692440064
FSM,741267968
FSNB,608185280
FSP,646114560
FSR,6351401472
FSRX,372276000
FSS,2908832768
FSSI,315998944
FST,303749984
FSTR,185089648
FSTX,123651272
FSV,8534186496
FT,207338176
FTAI,2123643776
FTCH,16042881024
FTCI,886009856
FTCV,352635808
FTDR,3329723136
FTEK,64489128
FTF,276071392
FTFT,135986656
FTHM,353602432
FTI,3170449408
FTK,70519880
FTNT,55632646144
FTS,20942282752
FTSI,369266048
FTV,26682619904
FUBO,3322020864
FUL,4195075328
FULC,588886400
FULT,2718926080
FUN,2613165824
FUNC,131840424
FUND,271670432
FURY,87591584
FUSB,71208312
FUSN,285014752
FUTU,9062862848
FUV,386456416
FVAM,108245904
FVCB,284371072
FVE,125119408
FVIV,637000000
FVRR,6550128640
FVT,281175008
FWAC,352741504
FWONA,14033808384
FWONK,13477888000
FWP,46184296
FWRD,2921365504
FXNC,111974576
FYBR,8023652352
FZT,272640512
G,9694670848
GAB,1870210432
GABC,1106026624
GAIA,185001632
GAIN,554267840
GALT,162323040
GAM,1081723648
GAMC,352187520
GAME,46038300
GAN,534353504
GANX,103682712
GAPA,216343760
GASS,104106816
GATO,799646464
GATX,3613632000
GAU,187832448
GB,1687815040
GBAB,472571328
GBCI,5711007744
GBDC,2585003264
GBIO,1138335360
GBL,754989376
GBLI,378713984
GBLIL,450421696
GBNH,113106376
GBNY,29386354
GBOX,262538528
GBR,17619456
GBS,23280824
GBT,2089673856
GBX,1382921472
GCAC,215083792
GCBC,304362720
GCI,769537856
GCMG,2267235840
GCO,1049455488
GCP,1698217600
GCV,122903744
GD,57450520576
GDDY,12369555456
GDEN,1420862848
GDL,124692040
GDO,266501056
GDOT,2365523456
GDP,286140448
GDRX,15780670464
GDS,11600094208
GDV,2478749440
GDYN,2125191040
GE,903014842368
GECC,81761520
GEF,3413306112
GEG,49924080
GEL,1526721408
GENC,186268480
GENE,46703864
GENI,2981841664
GEO,1189611392
GEOS,122521496
GER,196876496
GERN,498516384
GES,1431569792
GEVO,1363272064
GF,313849984
GFED,142513472
GFF,1425590016
GFI,9690333184
GFL,12986082304
GFX,423487488
GGAL,2851874816
GGB,7750770688
GGG,13241346048
GGMC,8396212736
GGN,615150080
GGPI,1458000000
GGT,237482528
GGZ,151802672
GH,10445799424
GHAC,252619504
GHC,2965528064
GHG,849131968
GHL,367542784
GHLD,953400000
GHM,140392832
GHSI,31388694
GHY,634729728
GIB,21523929088
GIC,1633991424
GIFI,64012164
GIG,459266240
GIGM,30283028
GIII,1580463488
GIIX,426075008
GIL,8639519744
GILD,84650876928
GILT,435665888
GIM,727060480
GIS,38763655168
GKOS,2291864832
GL,9775927296
GLAD,405458176
GLAQ,151862576
GLBE,8375625216
GLBL,428231264
GLBS,27259102
GLBZ,35136988
GLDD,1048302784
GLDG,239217616
GLG,61127760
GLHA,267598864
GLMD,74158040
GLNG,1435868672
GLO,412794592
GLOB,13062586368
GLOP,257626288
GLP,776629440
GLPG,3480317696
GLPI,11074681856
GLQ,206412384
GLRE,257307824
GLSI,450161440
GLT,784572480
GLTO,87911064
GLU,110782800
GLV,96015320
GLW,33062447104
GLYC,105912648
GM,90417356800
GMAB,26906888192
GMBL,128558912
GMBT,428231264
GMDA,201280688
GME,14822233088
GMED,7201231360
GMII,564435008
GMRE,1013743232
GMS,2473105920
GMTX,162309440
GNAC,281175008
GNCA,88184376
GNE,139456896
GNFT,160582800
GNK,591803072
GNL,1534722304
GNLN,31857160
GNOG,1086597248
GNPX,93780128
GNRC,27728939008
GNSS,183750576
GNT,115614608
GNTX,9072130048
GNTY,481358176
GNUS,418348512
GNW,2190802688
GO,2644876800
GOAC,709406272
GOCO,1384096128
GOED,247514144
GOEV,2320052224
GOF,904754752
GOGL,1581085056
GOGO,1656207104
GOL,1216320768
GOLD,36981207040
GOLF,4129056768
GOOD,844565504
GOOG,1958893977600
GOOGL,2002242109440
GOOS,5764026880
GORO,164138432
GOSS,897252608
GOVX,28987192
GP,302105888
GPAC,366749984
GPC,19918354432
GPI,3768381440
GPJA,239833024
GPK,6471033344
GPL,96000936
GPMT,717447168
GPN,38097625088
GPOR,1593816192
GPP,342550720
GPRE,1902280448
GPRK,781209600
GPRO,1809589120
GPS,9438161920
GRAY,64431052
GRBK,1367235584
GRC,1172317696
GRCL,745058304
GRCY,54073608
GRF,40661712
GRFS,10888650752
GRIL,19327100
GRIN,257542640
GRMN,28064696320
GRNQ,65523092
GROM,20197362
GROW,93592960
GROY,213517280
GRPN,759021952
GRTS,525924448
GRTX,42174344
GRUB,14600630272
GRVY,638092480
GRWG,1312221056
GRX,233967136
GS,136465399808
GSAQ,318263008
GSAT,2858240000
GSBC,796693632
GSBD,1930381056
GSEV,679937536
GSHD,5188995072
GSIT,142790384
GSK,106843897856
GSKY,2192896512
GSL,850848128
GSM,1088827776
GSMG,106730584
GSQD,427368736
GSS,428919904
GSV,188148688
GT,6494852608
GTBP,103525736
GTE,316568768
GTEC,59925808
GTES,4884383744
GTH,1132225408
GTHX,594073472
GTIM,62035472
GTLS,6970188288
GTN,2176182016
GTS,847614848
GTX,530811264
GTY,1430532096
GTYH,431214752
GURE,69517480
GUT,449031328
GVA,1923938304
GVP,32959328
GWB,1992277248
GWGH,322011424
GWRE,10220129280
GWRS,423048416
GWW,25628790784
GXII,32495572
GYRO,18236964
H,8454366208
HA,1099366912
HAAC,542418944
HAE,2983432704
HAFC,762153280
HAIN,4112963840
HAL,20819423232
HALL,72387376
HALO,5455519232
HAPP,22636600
HARP,235797552
HAS,13813303296
HASI,4886188032
HAYN,545233472
HAYW,6162090496
HBAN,24282701824
HBB,254603552
HBCP,361468800
HBI,6242176000
HBIO,312630752
HBM,1899216256
HBMD,419410976
HBNC,870633600
HBP,272302944
HBT,501092416
HCA,80332636160
HCAQ,269539328
HCAR,404064000
HCAT,2217576192
HCC,1154389120
HCCC,341343776
HCCI,830717376
HCDI,32759708
HCI,1115532288
HCIC,423896992
HCII,304375008
HCKT,659890816
HCM,4680765952
HCSG,1432324864
HCXY,1438797312
HD,412279078912
HDB,129338966016
HDSN,192629840
HE,4400745984
HEAR,448128096
HEES,1679817088
HEI,19047890944
HELE,6004944896
HEP,1833411840
HEPA,109764296
HEQ,160746640
HERA,1063318016
HES,24915791872
HESM,621703488
HEXO,242676608
HFBL,66415720
HFC,5622152704
HFFG,416864576
HFRO,806389504
HFWA,929217088
HGBL,65280676
HGEN,398814976
HGH,9378896896
HGLB,208314608
HGSH,50005500
HGV,4459943936
HHC,5094387200
HHLA,503527488
HHR,3240178432
HI,3617943296
HIBB,1552773504
HIE,196157024
HIFS,842332608
HIG,25967785984
HIGA,448630528
HIHO,16761080
HII,7686782976
HIII,730499968
HIL,126276424
HIMS,1528661888
HIMX,1744371840
HIO,499270784
HITI,356259648
HIW,4881267200
HIX,612416768
HKIB,1212843008
HL,3343160832
HLAH,317237792
HLF,4569795584
HLG,728489088
HLI,8019024896
HLIO,3499344640
HLIT,1086685312
HLNE,5948905472
HLT,39111745536
HLX,556925184
HLXA,150073344
HMC,49822773248
HMCO,380358304
HMG,17606730
HMHC,2038560000
HMLP,150124496
HMN,1676763008
HMNF,112540752
HMPT,559692352
HMST,1120496896
HMTV,371987520
HMY,2521928192
HNGR,769415872
HNI,1794960384
HNNA,78943048
HNP,6691306496
HNRG,71939608
HNST,868509888
HNW,132324704
HOFT,315588512
HOFV,213084336
HOG,5877724672
HOLI,1013237376
HOLX,18959960064
HOMB,4287375616
HON,154170605568
HONE,837572224
HOOK,115216192
HOPE,1938382720
HOTH,23888410
HOV,557024640
HOVNP,2409434112
HOWL,437326624
HP,3493068288
HPE,19020869632
HPF,462727520
HPI,561841472
HPK,1291902080
HPP,4108886272
HPQ,37707550720
HPS,610014592
HPX,311309248
HQH,1126624896
HQI,327436800
HQL,499910400
HQY,5577909760
HR,4551860224
HRB,4449232896
HRC,10338059264
HRI,5644526080
HRL,23498950656
HRMY,2328673280
HROW,289878880
HRTG,183731376
HRTX,1117064192
HRZN,362619456
HSAQ,201841504
HSBC,120679063552
HSC,1177793152
HSDT,18808058
HSIC,11352598528
HSII,930282944
HSKA,1857717120
HSON,76108488
HST,12430644224
HSTM,826678144
HSTO,20853342
HSY,36992258048
HT,425422880
HTA,7538555904
HTBI,521595072
HTBK,722435712
HTBX,124411216
HTD,870505664
HTGC,1978047872
HTGM,32066304
HTH,3052545792
HTHT,30413176832
HTLD,1377562240
HTLF,2168072704
HTOO,156183248
HTPA,372367296
HTY,71810832
HUBB,11466171392
HUBG,2962778880
HUBS,38945722368
HUDI,242812496
HUGE,55247412
HUIZ,99717888
HUM,57455095808
HUN,7398803968
HURC,222526688
HURN,1180937088
HUSA,17613928
HUSN,15054452
HUT,2003020160
HUYA,2223070208
HVBC,47492256
HVT,628511104
HWBK,170321056
HWC,4585670144
HWKN,784719488
HWM,14155218944
HX,63474908
HXL,5172120576
HY,737793856
HYAC,386953120
HYB,229248912
HYFM,1649017344
HYI,358798176
HYLN,1273459584
HYMC,54198696
HYRE,127092568
HYT,1503076352
HYW,168000000
HZN,195127744
HZNP,24202463232
HZO,1270111744
HZON,645093760
IAA,7259252224
IAC,12052269056
IACB,315301248
IACC,275698208
IAE,102185584
IAF,147540592
IAG,1599766400
IART,5829673472
IBA,2070000128
IBCP,512335168
IBEX,337607360
IBIO,152632672
IBKR,31028971520
IBM,106606231552
IBN,70594535424
IBOC,2824147456
IBP,4000752896
IBRX,2626223872
IBTX,3191933184
ICAD,224696704
ICBK,218329648
ICCC,70289208
ICCH,56006152
ICD,23269902
ICE,76659990528
ICFI,2005660544
ICHR,1375880832
ICL,11657434112
ICLK,671361920
ICLR,15034112000
ICMB,78658168
ICPT,588461504
ICUI,5227463680
ID,104121664
IDA,5386467840
IDBA,333744192
IDCC,2229416960
IDE,234944960
IDEX,826098688
IDN,113833064
IDRA,40982276
IDT,1722651520
IDXX,53562679296
IDYA,763090176
IEA,291714336
IEP,13508375552
IESC,1137583616
IEX,18020704256
IFBD,52321976
IFF,38273912832
IFMK,47111892
IFN,620151040
IFRX,210768656
IFS,2792082432
IGA,186724816
IGAC,367976800
IGC,73457496
IGD,576509760
IGI,243739392
IGIC,416353184
IGMS,1917236480
IGNY,71344624
IGR,1090466176
IGT,5922074624
IH,261290048
IHC,830054016
IHD,139417936
IHG,12515484672
IHIT,237986704
IHRT,3066284544
IHT,34232176
IHTA,87168240
IIAC,503628128
IIF,312971808
III,441782144
IIII,336065408
IIIN,833386432
IIIV,718434944
IIM,784431872
IIN,175548048
IIPR,6750685696
IIVI,6847876608
IKNA,707982528
IKNX,65387724
IKT,51264392
ILMN,54974840832
ILPT,1625344384
IMAB,5004715008
IMAC,32886652
IMAX,1145622912
IMBI,126039936
IMCC,177908192
IMCR,1699776384
IMGN,1139669376
IMH,27732508
IMKTA,1470926336
IMMP,262084896
IMMR,210947968
IMNM,198345664
IMO,26037780480
IMOS,1202679424
IMPL,240584048
IMPX,492004288
IMRA,65446256
IMRN,20561176
IMTE,42962300
IMTX,755532288
IMUX,200311968
IMV,97965088
IMVT,796505856
IMXI,611621184
INBK,440304064
INBX,1626620672
INCR,418686656
INCY,14345578496
INDB,2859328512
INDO,29242392
INDT,563419648
INFI,215855920
INFN,1775702656
INFO,55701147648
INFU,364344640
INFY,101695209472
ING,58374299648
INGN,748006400
INGR,6708925440
INKA,212175008
INM,11026253
INMB,204800608
INMD,3646085376
INN,1038393984
INNV,1226699776
INO,1512552576
INOD,207639552
INOV,6361993216
INPX,90844416
INS,408454880
INSE,348506688
INSG,709133696
INSI,238725904
INSM,3533704192
INSP,7578959872
INSW,473265952
INT,1776271104
INTC,204072861696
INTG,105538136
INTT,169642976
INTU,173486686208
INTZ,74180200
INUV,79761264
INVA,1211078912
INVE,501297568
INVH,23077810176
INVO,33854760
INVZ,759452864
INZY,230251808
IO,52151152
IONS,4595394048
IOR,53814172
IOSP,2271819008
IOVA,2921708544
IP,19449841664
IPA,114110960
IPAR,3003458304
IPDN,17369850
IPG,14067125248
IPGP,9141609472
IPHA,422359392
IPI,574135680
IPLDP,339217216
IPOD,599757248
IPOF,1523750016
IPSC,1138158720
IPVA,318101280
IPVF,320527040
IPWR,93365592
IQ,6728654336
IQI,704412224
IQV,49293291520
IR,25209124864
IRBT,2586500352
IRCP,140369104
IRDM,5579422208
IRIX,123131304
IRL,63091600
IRM,13889982464
IRMD,488560000
IROQ,77283064
IRS,500306304
IRT,2589451776
IRTC,3092931840
IRWD,2007581184
ISBC,3962111488
ISD,542716096
ISDR,94978016
ISEE,1517554304
ISIG,9734867
ISLE,257197584
ISOS,319168160
ISR,79072000
ISRG,42297126912
ISSC,119486368
ISTR,190563376
ISUN,72429528
IT,29094717440
ITCB,1151208832
ITCI,3326448128
ITGR,2891916288
ITHX,300597280
ITI,221793344
ITIC,450421728
ITMR,501609152
ITOS,1108601856
ITP,37936112
ITQ,280312512
ITRG,135781088
ITRI,3237812736
ITRM,97234200
ITRN,589640768
ITT,8939762688
ITUB,40000888832
ITW,76568461312
IVA,521587200
IVAC,118516448
IVAN,384674976
IVC,144699200
IVH,235213984
IVR,730633920
IVZ,11903590400
IX,23582281728
IZEA,151022896
J,19132489728
JACK,2254026752
JAGX,245789056
JAKK,75918264
JAMF,3666223616
JAN,13753033
JAZZ,7866415616
JBGS,3980474880
JBHT,21313841152
JBI,1827545600
JBL,9537951744
JBLU,4791920640
JBSS,1004967104
JBT,5321985024
JCE,276986304
JCI,56799666176
JCIC,421762496
JCO,226413568
JCS,36749016
JCTCF,38415652
JD,132685635584
JDD,211869088
JEF,10291322880
JELD,2625873152
JEMD,111129448
JEQ,126216896
JFIN,208266384
JFR,590819712
JFU,276774976
JG,175100800
JGH,369899712
JHAA,77628560
JHG,8110791168
JHI,163547440
JHS,181104640
JHX,17909557248
JILL,174537616
JJSF,2906321408
JKHY,11756933120
JKS,2864071424
JLL,13782139904
JLS,114934432
JMIA,1526203648
JMM,70133992
JNCE,467276640
JNJ,430113226752
JNPR,10531923968
JOAN,461431680
JOB,53333652
JOBS,3554614784
JOE,3085943552
JOF,245604624
JOFF,403236000
JOUT,1126762752
JP,35883216
JPC,1002533120
JPI,568044864
JPM,501469380608
JPS,1978800896
JPT,170342640
JQC,884848704
JRI,429238592
JRJC,15945999
JRO,406636352
JRS,347576768
JRSH,83805000
JRVR,1081645056
JSD,152695984
JSM,6921125888
JT,30713032
JTA,163846448
JTD,246088256
JUPW,16552494
JVA,26887506
JWEL,227644160
JWN,5288158720
JWSM,1270462464
JYAC,136263168
JYNT,1356886272
JZXN,46692300
K,21696405504
KAHC,1683600000
KAI,2580112896
KAII,284602496
KAIR,269100000
KALA,136395456
KALU,1677737856
KALV,419316448
KAMN,1090600832
KAR,1923814656
KARO,1071527040
KAVL,481451936
KB,18637641728
KBAL,402527392
KBH,4261025024
KBNT,42874540
KBR,6443964416
KC,5207915520
KDNY,715199296
KDP,51077103616
KE,634908608
KELYA,708104896
KELYB,742733504
KEN,2224129280
KEP,12393487360
KEQU,35612492
KERN,72636640
KEX,3487292160
KEY,23142025216
KEYS,34901614592
KF,205953744
KFFB,57998376
KFRC,1746640000
KFS,129788160
KFY,4454014976
KGC,8801158144
KHC,45806964736
KIDS,1271544064
KIII,354719040
KIM,10229633024
KINS,53627792
KINZ,343620000
KIO,339560960
KIQ,36312124
KIRK,380112032
KKR,45055877120
KL,12099760128
KLAC,63939289088
KLAQ,351470880
KLDO,196861584
KLIC,3840393728
KLR,532038016
KLXE,36560380
KMB,45421723648
KMDA,250642000
KMF,362769440
KMI,37773197312
KMPH,255710496
KMPR,3870115840
KMT,3343825920
KMX,24048457728
KN,2022432128
KNBE,4324090880
KNDI,341505856
KNOP,602225344
KNSA,880116160
KNSL,4656312320
KNTE,971020416
KNX,9900041216
KO,244299792384
KOD,5416168448
KODK,539711616
KOF,11411716096
KOP,724527104
KOPN,544514432
KOR,408968672
KOS,1462852096
KOSS,132777224
KPLT,463301024
KPTI,611253760
KR,31341201408
KRA,1478624000
KRBP,21234464
KRC,8296480768
KREF,1215679360
KRG,1857836160
KRKR,65543160
KRMD,153885584
KRNL,372743424
KRNT,7382026752
KRNY,1125758080
KRO,1656886656
KRON,924592640
KROS,1440680320
KRP,869183488
KRT,409957600
KRTX,4130316800
KRUS,626677760
KRYS,1048723264
KSI,212625008
KSM,141505264
KSPN,37316248
KSS,9052139520
KSU,28258555904
KT,6197830656
KTB,3504281856
KTCC,67893704
KTF,476380864
KTOS,2645392384
KTRA,27428392
KUKE,140441824
KULR,320440480
KURA,1140205824
KVHI,196518336
KVSA,451717856
KVSC,659985472
KW,3337656576
KWAC,145948320
KWR,4875317760
KXIN,139569744
KYMR,2766874368
KYN,1065324416
KZIA,142200240
KZR,556878720
L,14885234688
LABP,492242976
LAC,3696623104
LAD,10041805824
LADR,1538845568
LAIX,42810200
LAKE,172227312
LAMR,11761619968
LANC,4544125952
LAND,760984448
LANDM,413963136
LARK,137227904
LASR,1165228288
LAUR,2137666304
LAWS,493220320
LAZ,4972992000
LAZR,6951263744
LAZY,225905408
LBAI,962942784
LBC,765452864
LBPH,107940560
LBPS,198119904
LBRDA,32364277760
LBRDK,31724273664
LBRT,1915217792
LBTYA,16684709888
LBTYB,16877665280
LBTYK,16437402624
LC,4129277440
LCA,387010432
LCAA,350141184
LCAHU,386780512
LCAP,294000000
LCI,83635576
LCII,3901299712
LCNB,231775168
LCTX,392780352
LCUT,412123136
LDHA,281462496
LDI,2062615040
LDOS,13355783168
LDP,777020352
LE,940589632
LEA,11363693568
LEAP,607866944
LECO,8685360128
LEDS,29175726
LEE,118712176
LEG,5928202240
LEGA,222901008
LEGH,633926592
LEGN,7148625408
LEJU,173858352
LEN,33267042304
LEO,524428640
LESL,4182819584
LEU,981512512
LEV,2249406464
LEVI,10971975680
LEVL,301405344
LEXX,31646846
LFC,111039717376
LFMD,123559336
LFST,3777591296
LFT,95782656
LFTR,255239408
LFUS,8014817280
LFVN,99994272
LGAC,701859392
LGHL,75551192
LGI,270640768
LGIH,3619975936
LGL,63582736
LGND,2741435392
LGO,694093120
LGV,857324992
LGVN,61696700
LH,28483459072
LHAA,286193312
LHC,457968768
LHCG,4577032192
LHDX,264156736
LHX,45234843648
LI,28469145600
LIFE,135745872
LII,12161830912
LIII,270049984
LILA,3085280000
LILAK,3024614912
LIN,174043643904
LINC,199837280
LIND,820577408
LINK,58425136
LIQT,125437832
LITB,186042832
LITE,6763828224
LIVE,53101908
LIVN,4109817344
LIXT,24910472
LIZI,140264352
LJAQ,171615600
LJPC,110160320
LKCO,324203936
LKFN,1868491648
LKQ,17785137152
LL,511210464
LLNW,380209248
LLY,247217471488
LMACA,615249984
LMAO,130279584
LMAT,1135228672
LMB,77707888
LMFA,35138804
LMND,3763782144
LMNL,48167596
LMNR,289156288
LMPX,134795984
LMRK,414323680
LMRKN,429978560
LMRKO,392780256
LMRKP,390809088
LMST,144295504
LMT,95033974784
LNC,14110446592
LND,393325184
LNDC,278954944
LNFA,216056256
LNG,26601101312
LNN,1732295296
LNSR,78387456
LNT,14057587712
LNTH,2007538432
LOAN,58874032
LOB,4102743552
LOCO,541326080
LODE,89368832
LOGC,115970760
LOGI,13476156416
LOKM,308656832
LOMA,1389894528
LOOP,633953472
LOPE,3716770816
LORL,1358877952
LOTZ,403528480
LOV,65142248
LOVE,1261732224
LOW,172640632832
LPCN,104624352
LPG,532722368
LPI,889305344
LPL,6301293056
LPLA,13395281920
LPRO,3901794816
LPSN,3294603008
LPTH,49678232
LPTX,142914432
LPX,7038428672
LQDA,259864992
LQDT,847868480
LRCX,89779380224
LRMR,205415424
LRN,1512959616
LSBK,87566120
LSCC,11433499648
LSEA,401719968
LSF,148259936
LSI,10257512448
LSPD,8965630976
LSTR,6932368384
LSXMA,20693796864
LSXMB,21529550848
LSXMK,20913848320
LTBR,74628080
LTC,1340829056
LTCH,1267328128
LTHM,4623025664
LTRN,106335120
LTRPA,282516384
LTRPB,369803264
LTRX,255134896
LU,17519263744
LUB,88086792
LULU,64436973568
LUMN,15524078592
LUMO,74351368
LUNA,259520944
LUNG,1390465664
LUV,28424536064
LUXA,426506272
LVRA,264231584
LVS,30703751168
LVTX,181324512
LW,8520926720
LWAY,86753720
LWLG,1466577280
LX,1099367296
LXEH,117333920
LXFR,640034304
LXP,4404420096
LXRX,725549696
LXU,294820000
LYB,31506178048
LYEL,2660202752
LYFT,17066409984
LYG,47467589632
LYL,24242130
LYRA,93347896
LYTS,212652864
LYV,24635734016
LZB,1693189376
M,9761468416
MA,360141520896
MAA,23554555904
MAC,4351334400
MACA,144484192
MACC,420468736
MACK,60018740
MACQ,314826880
MACU,137224992
MAG,1938527744
MAIN,3133311232
MAN,5617237504
MANH,11069427712
MANT,3111894272
MANU,2593989120
MAPS,278112544
MAQC,225507568
MAR,49969303552
MARA,5444764672
MARK,151074336
MARPS,9620000
MAS,17412257792
MASI,16459969536
MASS,818732992
MAT,8048006656
MATW,1248726400
MATX,3974357504
MAV,288221952
MAX,1091356288
MAXN,932781440
MAXR,2232758528
MAYS,72568080
MBAC,512424992
MBCN,175247392
MBI,742138304
MBII,149010960
MBIN,1350456064
MBINP,495408576
MBIO,200384016
MBOT,49304120
MBRX,66417676
MBT,7818793472
MBTC,148400000
MBUU,1477159424
MBWM,588812096
MC,4301253632
MCA,549631040
MCB,861073920
MCBC,300458176
MCBS,692477120
MCD,188647718912
MCF,778161024
MCFE,11006982144
MCFT,555972480
MCHP,22689396736
MCHX,118347936
MCI,321561280
MCK,35365318656
MCMJ,171086352
MCN,173021392
MCO,74415742976
MCR,379336416
MCRB,717605248
MCRI,1307060480
MCS,643221376
MCY,2873744640
MD,2383872000
MDB,35760381952
MDC,3719414272
MDGL,1496760192
MDGS,33847980
MDH,341205024
MDIA,50950584
MDJH,38528160
MDLZ,88293048320
MDNA,131972856
MDP,2679913984
MDRR,18299964
MDRX,2348985344
MDT,159944998912
MDU,5840691200
MDVL,73497008
MDWD,88819680
MDWT,91271216
MDXG,892634816
ME,4337114112
MEC,339959648
MED,2712462592
MEDP,8046801408
MEDS,32095984
MEG,1991761152
MEI,1825641600
MEIP,347711520
MELI,76158861312
MEOH,3416081664
MERC,709375296
MESA,288100608
MESO,814318912
MET,56196128768
METC,534902304
METX,51453584
MFA,1960615808
MFC,39501365248
MFD,83679440
MFG,32900894720
MFGP,1810802816
MFH,33281908
MFIN,209280048
MFL,551018368
MFM,296962592
MFV,49800972
MG,269007584
MGA,26784964608
MGEE,2835282944
MGF,138491776
MGI,568080768
MGIC,1224814080
MGLN,2480378880
MGM,22118268928
MGNI,2526360320
MGNX,1150297472
MGP,6023468544
MGPI,1713926272
MGRC,1936737536
MGTA,358260864
MGTX,886527680
MGU,302103424
MGY,4722755584
MGYR,67462808
MHD,896927808
MHF,178471424
MHH,223192224
MHI,280542400
MHK,12446711808
MHLA,1948961152
MHLD,271775168
MHN,460130944
MHO,1759307904
MIC,321014208
MICT,151510368
MIDD,10557428736
MIGI,5850477568
MILE,396474432
MIME,5354708992
MIN,420539712
MIND,21900184
MINDP,37560688
MINM,52466296
MIRM,472941280
MIST,203012496
MIT,611263936
MITC,94291344
MITK,743579136
MITO,58176724
MITT,534793760
MIXT,304683008
MIY,447659104
MKC,22272215040
MKD,46954544
MKL,17617512448
MKSI,9228759040
MKTX,14860731392
MLAB,1576327296
MLAC,178971056
MLCO,5902049792
MLI,3398514944
MLM,26219927552
MLP,200685472
MLR,411355712
MLSS,151540992
MLVF,129482640
MMC,85672386560
MMD,596182080
MMI,1890565376
MMLP,122422832
MMM,106167476224
MMMB,81503440
MMP,10979941376
MMS,5238626816
MMSI,3825735424
MMT,392461632
MMU,583731904
MMX,756781888
MMYT,3526840320
MN,160910464
MNDO,64769980
MNDY,16875920384
MNKD,1207165568
MNMD,527325568
MNOV,167690480
MNP,156159056
MNPR,61215412
MNR,2053499520
MNRL,1333608064
MNRO,2133497728
MNSB,187273328
MNSO,4988229632
MNST,49441689600
MNTK,1543835776
MNTV,3308963328
MNTX,141096672
MO,83333824512
MOD,596287232
MODN,1134195328
MODV,2075527808
MOFG,527313600
MOGO,418302208
MOGU,101851456
MOH,18144880640
MOHO,23151200
MOLN,291301216
MOMO,2832226048
MON,304375008
MOR,1469661952
MORF,1974590208
MORN,13671859200
MOS,14145128448
MOSY,47596088
MOTS,30542008
MOTV,513877504
MOV,840029056
MOVE,112736024
MOXC,107192528
MP,7312914944
MPA,215037888
MPAA,387586112
MPAC,57661576
MPB,348456352
MPC,42254110720
MPLN,2695763968
MPLX,32143452160
MPV,150438112
MPW,12678650880
MPWR,25940230144
MPX,434442048
MQT,330798496
MQY,1197368832
MRAM,225107472
MRBK,207190656
MRC,686035712
MRCC,243605536
MRCY,2920943872
MREO,241927568
MRIN,65365108
MRK,213622292480
MRKR,117008096
MRLN,276691968
MRM,37771048
MRNA,94483554304
MRNS,452057408
MRO,13075459072
MRSN,621882432
MRTN,1459332096
MRTX,7259198464
MRUS,1133207680
MRVI,9497348096
MRVL,59684622336
MS,186635780096
MSA,6095215104
MSAC,113130096
MSB,314231872
MSBI,565829440
MSC,708582400
MSCI,55223967744
MSD,190615648
MSDA,720187520
MSEX,1846036992
MSFT,2543110062080
MSGE,1828712960
MSGM,178740432
MSGS,4572024832
MSI,42827595776
MSM,4779885568
MSN,25040814
MSP,4031414528
MSTR,7448831488
MSVB,48383980
MT,31663407104
MTA,336725248
MTAC,310937504
MTB,20562124800
MTBC,109086056
MTBCP,60166172
MTC,39689600
MTCH,40270475264
MTCR,31975346
MTD,35851370496
MTDR,5154757632
MTEM,270936416
MTEX,80467920
MTG,5218680320
MTH,4436035072
MTL,1227396992
MTLS,1438558848
MTN,13786208256
MTNB,230840912
MTOR,2023951744
MTP,20911762
MTR,10212473
MTRN,1888267264
MTRX,286462432
MTSI,5229174784
MTW,743380992
MTX,2603837440
MTZ,7132398592
MU,85289598976
MUA,592109888
MUC,662600384
MUDS,394126080
MUDSU,260126512
MUE,311462656
MUFG,73138462720
MUI,585167424
MUJ,464934496
MUR,4306215936
MUSA,4898607104
MUX,530360992
MVBF,478838784
MVF,619836032
MVIS,1402613760
MVO,98325000
MVT,325826144
MWA,2305760768
MX,865053888
MXC,24010656
MXE,15542202
MXF,223580480
MXL,5234059776
MYC,332646976
MYD,683620032
MYE,746988480
MYFW,247999632
MYGN,2290755840
MYI,1003907520
MYJ,380200544
MYMD,308685600
MYN,563911104
MYO,50268060
MYOV,1926117888
MYRG,1948624512
MYSZ,15489449
MYTE,2519884288
NAAC,462990016
NAC,2275248896
NAD,3337366016
NAII,91534656
NAK,205262592
NAKD,510452704
NAN,448269376
NAOV,31583574
NAPA,2307842816
NARI,4455901184
NAT,330833120
NATH,259405184
NATI,5953901056
NATR,361432416
NAUT,641312640
NAVB,40052148
NAVI,3564230400
NAZ,183108592
NBB,632389568
NBEV,180918160
NBH,297879232
NBHC,1389851520
NBIX,8351720960
NBN,277107808
NBO,65651044
NBR,752586176
NBRV,50893020
NBSE,112545792
NBST,160337936
NBTB,1642775424
NBTX,326993120
NBW,77437008
NBY,21250630
NC,233444720
NCA,291362784
NCBS,732515328
NCLH,8721170432
NCMI,286964960
NCNA,146575216
NCNO,6491540480
NCR,5582230528
NCSM,81132760
NCTY,224509296
NCV,563027520
NCZ,409122432
NDAC,433651200
NDAQ,34787713024
NDLS,535823872
NDP,44357348
NDRA,47119320
NDSN,15477901312
NEA,4560314368
NECB,83001048
NEE,171205165056
NEGG,6595944960
NEM,47023403008
NEN,216166784
NEO,4791963648
NEOG,4768560128
NEON,116427560
NEP,6576102912
NEPH,75414080
NEPT,80168096
NERV,55538076
NES,30291390
NESR,1008463872
NET,65246990336
NETI,97844656
NEU,3695589632
NEV,387225568
NEW,48113620
NEWP,596606784
NEWR,7779702272
NEWT,687230144
NEX,878272512
NEXA,1199897344
NEXI,240468464
NEXT,488808000
NFBK,917301184
NFE,5611877888
NFG,5510022656
NFH,1458719488
NFJ,1522039680
NFLX,301066190848
NG,2738237952
NGC,231296992
NGCA,491872928
NGD,1191225088
NGG,46511292416
NGL,298066208
NGM,1517189504
NGMS,937270976
NGS,157479264
NGVC,297052032
NGVT,3260954112
NH,170182496
NHC,1115922816
NHI,2623342080
NHS,255591040
NHTC,87281608
NI,10023105536
NICE,19656636416
NICK,93093000
NID,699423616
NIE,884194176
NIM,133041320
NINE,54482260
NIO,66114281472
NIQ,193968064
NISN,217714608
NIU,1931282944
NJR,3727049728
NKE,273935220736
NKG,143081488
NKLA,5218609664
NKSH,239409008
NKTR,2353608960
NKTX,619362496
NKX,780283328
NL,348709600
NLOK,14622908416
NLS,253477520
NLSN,7795517440
NLSP,26248552
NLTX,254921120
NLY,11915219968
NM,74080480
NMCO,823382144
NMFC,1331375360
NMG,329382080
NMI,106605288
NMIH,1850669952
NML,308451040
NMM,604407744
NMMC,162501696
NMR,13467738112
NMRD,131620488
NMRK,3197574400
NMS,89742696
NMT,146127584
NMTC,31679426
NMTR,275652064
NMZ,1259590400
NNBR,244175152
NNDM,1377371520
NNI,3334338816
NNN,8048587264
NNOX,1084523776
NNVC,53843400
NNY,151590240
NOA,430472064
NOAC,282038112
NOAH,2886746624
NOC,57668296704
NODK,420998720
NOG,1551947008
NOK,31820666880
NOM,34390892
NOMD,4455365632
NOTV,836499200
NOV,5217037312
NOVA,4657951744
NOVN,925143936
NOVT,5836994560
NOW,135564836864
NP,879704640
NPCE,310683168
NPK,613679040
NPO,2286032640
NPTN,792273920
NPV,281399776
NQP,566356992
NR,296522080
NRAC,294931904
NRBO,39670420
NRC,1182150400
NREF,113674240
NRG,8980024320
NRGX,639430784
NRIM,288124736
NRIX,1484529152
NRK,1201622528
NRO,238761712
NRP,369550912
NRT,72423688
NRXP,280488608
NRZ,5296910336
NS,1777606912
NSA,4732730880
NSC,69117788160
NSEC,28511172
NSIT,3686463232
NSL,233985680
NSP,4623596544
NSPR,30720270
NSR,428556416
NSS,1960393088
NSSC,881036288
NSTB,493039776
NSTC,390600000
NSTG,2166467840
NSYS,25374228
NTAP,19772510208
NTB,1982175616
NTCO,7719475200
NTCT,2359298048
NTES,74826629120
NTG,195357264
NTGR,851995648
NTIC,154383744
NTIP,66806780
NTLA,9131218944
NTNX,7354528768
NTP,962702848
NTR,38797635584
NTRA,10171602944
NTRB,35844912
NTRS,25932161024
NTST,933119872
NTUS,882289728
NTWK,55798564
NTZ,182660480
NUAN,16956889088
NUE,32937564160
NUO,295819552
NURO,28999400
NUS,2396553472
NUV,2223985664
NUVA,3110198272
NUVB,2007645824
NUW,258270144
NUWE,11431035
NUZE,75916688
NVAX,12515314688
NVCN,51125088
NVCR,11579153408
NVDA,188615442432
NVEC,353268992
NVEE,1732338048
NVFY,12265847
NVG,3783067904
NVGS,499542080
NVIV,18533830
NVMI,3745297664
NVO,264960622592
NVOS,42912828
NVR,19131199488
NVRO,3286054656
NVS,186086670336
NVSA,338445024
NVST,6944726528
NVT,6344935424
NVTA,4276511488
NVVE,304667200
NWBI,1807836032
NWE,2814500608
NWFL,226009024
NWG,34103816192
NWL,10090243072
NWLI,838029888
NWN,1422131840
NWPX,287655264
NWS,14386132992
NWSA,13476317184
NX,773388160
NXC,99218720
NXE,2525219584
NXGN,1126794496
NXJ,645432448
NXN,54702900
NXP,273036192
NXPI,59542048768
NXQ,270972352
NXR,222317488
NXRT,2008409088
NXST,7219594752
NXTC,171733568
NXTD,176995504
NYC,97739464
NYCB,5783071232
NYMT,1568293888
NYMTN,1365975936
NYMTP,1352861568
NYMX,132798000
NYT,8068245504
NZF,2451815424
O,26549510144
OACB,311250016
OAS,2632196096
OBAS,54634764
OBCI,103351616
OBLG,38593200
OBNK,1068740352
OBSV,177080976
OC,9722800128
OCA,256834368
OCAX,185566880
OCC,31124176
OCCI,80251904
OCCIP,44713352
OCDX,4876835840
OCFC,1320070656
OCFT,1195331584
OCG,100996816
OCGN,1579429120
OCN,291727040
OCSL,1345492992
OCUL,527941312
OCUP,62250784
OCX,270503872
ODC,259326208
ODFL,41559535616
ODP,2192649472
ODT,124763008
OEC,1178182272
OEG,122196664
OEPW,482956512
OESX,131432360
OFC,3133333760
OFED,133852480
OFG,1395291264
OFIX,618547072
OFLX,1413101056
OFS,149542464
OG,534841280
OGCP,3001737728
OGE,7008808960
OGEN,67440080
OGI,685061888
OGS,3631049472
OHI,6713328128
OHPA,504562496
OI,1963635840
OIA,381551520
OII,1267355392
OIIM,182071680
OIS,362784128
OKE,28013137920
OKTA,40378912768
OLB,39593696
OLED,7939268096
OLK,3096562176
OLLI,4457639424
OLMA,1037985024
OLN,10175110144
OLO,4286727424
OLP,708833920
OM,2392412160
OMAB,2538160896
OMC,14645940224
OMCL,7769431040
OMEG,174485952
OMER,504860064
OMEX,84967920
OMF,6919514112
OMI,3233609728
OMIC,1047021632
OMP,1202806144
OMQS,47977336
ON,25626542080
ONB,3037057280
ONCR,159093424
ONCS,67555960
ONCT,184885024
ONCY,101687760
ONDS,365163360
ONE,64648308
ONEM,3158587648
ONEW,750295680
ONTF,785932544
ONTO,4315983872
ONTX,811579200
ONVO,37720524
OOMA,505992000
OPA,249000000
OPBK,196330720
OPCH,4819149312
OPEN,12495832064
OPGN,64676640
OPHC,19093432
OPI,1327789568
OPK,2798184448
OPNT,109347400
OPOF,120529888
OPP,212372320
OPRA,1047828672
OPRT,710686912
OPRX,1364970880
OPT,310720096
OPTN,83599232
OPTT,107288056
OPY,658514688
OR,2280791552
ORA,4440595456
ORAN,29718460416
ORC,528476896
ORCC,5663627776
ORCL,267222319104
ORGO,1366665344
ORGS,99387984
ORI,7871083008
ORIC,634477312
ORLA,1088606464
ORLY,45676425216
ORMP,851842176
ORN,150581680
ORPH,137711664
ORRF,281199648
ORTX,198030400
OSAT,25615748
OSBC,392864384
OSCR,2490243072
OSG,174422096
OSH,9543394304
OSIS,1757955840
OSK,7881693184
OSMT,110379344
OSPN,776713792
OSS,101807200
OSTK,4621734400
OSTR,280022208
OSUR,736635520
OSW,1074299136
OTEX,14136631296
OTIC,120126624
OTIS,36365578240
OTLK,333323520
OTRA,134009040
OTRK,137458656
OTTR,2739710208
OUST,1191493632
OUT,4006716416
OVBC,148410944
OVID,241668496
OVLY,151076880
OVV,9208327168
OXBR,21615634
OXBRW,1601965
OXLC,826916480
OXLCM,471241728
OXLCO,463140128
OXM,1753641472
OXSQ,215582672
OXSQL,1300369664
OXY,29682722816
OYST,289652448
OZK,6114670592
OZON,8953473024
PAA,7642962944
PAAS,5917859840
PAC,6840958464
PACB,5784455168
PACK,3290583808
PACW,5803439616
PACX,499617888
PAE,941771328
PAG,9046977536
PAGP,2180487936
PAGS,11605046272
PAHC,901240768
PAI,154811408
PAIC,91816128
PALI,18985304
PALT,28247382
PAM,993888000
PANA,230971312
PANL,182793808
PANW,51184758784
PAQC,281176320
PAR,1684385920
PARR,931645184
PASG,438567200
PATH,28100192256
PATI,37219520
PATK,1955798400
PAVM,408861888
PAVMW,25221160
PAX,2510569216
PAY,3473856000
PAYA,1065535104
PAYC,29370652672
PAYS,112664448
PAYX,45127884800
PB,7074516992
PBA,17961691136
PBCT,7798851584
PBCTP,6782995968
PBF,1833962112
PBFS,323435328
PBFX,814432384
PBH,3047423488
PBHC,78554600
PBI,1364457984
PBIP,115839008
PBLA,21193752
PBPB,163604016
PBR,66068877312
PBT,402215296
PBTS,49976284
PBYI,144899216
PCAR,31176345600
PCB,359040640
PCF,83113744
PCG,27756402688
PCH,3716489984
PCI,3212679936
PCK,311825888
PCM,133511296
PCN,753748544
PCOM,250091552
PCOR,11008077824
PCPC,430361568
PCQ,370667616
PCRX,2476070144
PCSA,97786080
PCSB,303836800
PCT,1358731776
PCTI,110471864
PCTY,14485617664
PCVX,1323001472
PCYG,113790968
PCYO,380338080
PD,3517978624
PDCE,5725047808
PDCO,3258532352
PDD,117118689280
PDEX,84384672
PDFS,1208712320
PDI,1797044224
PDLB,265030224
PDM,2360271872
PDO,1932602240
PDOT,500867232
PDS,508893312
PDSB,238934768
PDT,851588096
PEAK,18388428800
PEB,3120393728
PEBK,170780512
PEBO,650681984
PED,104889320
PEG,31931979776
PEGA,9655136256
PEI,108831776
PEN,9532121088
PENN,8580145152
PEO,421843296
PEP,226518220800
PERI,927533824
PESI,83412752
PETQ,707638208
PETS,605847360
PETV,22697538
PETZ,302499744
PFBC,1061278784
PFC,1189623936
PFD,195454272
PFDR,404624992
PFE,274299682816
PFG,19603904512
PFGC,6167118336
PFHD,269043488
PFIE,59402844
PFIN,21214750
PFIS,355931840
PFL,381288576
PFLT,525749696
PFMT,155114080
PFN,727676928
PFO,161917456
PFS,1910406784
PFSI,4237287936
PFSW,277255328
PFX,113974312
PG,362362503168
PGC,667969728
PGEN,789533568
PGNY,5619585536
PGP,125793184
PGR,55316701184
PGRE,2034602112
PGRW,212130144
PGTI,1319453184
PGZ,107526568
PH,42910474240
PHAR,572985984
PHAS,149485568
PHAT,664187520
PHCF,18521482
PHD,293147680
PHG,38240890880
PHGE,54258272
PHI,7471119872
PHIC,211528128
PHIO,19895568
PHIOW,1218831
PHK,841005696
PHM,13588767744
PHR,3680352768
PHT,303426080
PHUN,289460768
PHVS,520450304
PHX,89695704
PI,1945009536
PIAI,333633088
PICC,268824000
PII,7631990784
PIM,203671328
PINC,4893205504
PINE,205056528
PING,2265593088
PINS,31072448512
PIPP,284586880
PIPR,2643596032
PIRS,225050352
PIXY,23194290
PJT,3361935616
PK,4540627456
PKBK,259412848
PKE,295122656
PKG,12832666624
PKI,20850608128
PKO,516922080
PKOH,313473664
PKX,17851203584
PLAB,881961152
PLAG,33133662
PLAN,8785955840
PLAY,1828070016
PLBC,194032912
PLBY,1440599296
PLCE,1550438016
PLD,111534833664
PLG,213965200
PLIN,52383196
PLL,962609408
PLM,309692384
PLMI,393705536
PLMR,2291566592
PLNT,8070482944
PLOW,1037129472
PLPC,338055136
PLRX,579814336
PLSE,547994880
PLTK,8908887040
PLTR,42581766144
PLUG,24056903680
PLUS,1590160384
PLX,50011844
PLXP,247050048
PLXS,2617780736
PLYA,1319002752
PLYM,861560640
PM,146954747904
PMCB,6559107584
PMD,46989296
PME,64947340
PMF,378160096
PMGM,387532480
PML,901739648
PMM,417435200
PMO,479241280
PMT,1825064704
PMTS,271890400
PMVC,215468752
PMVP,1108272000
PMX,405803936
PNBK,58961904
PNC,86811230208
PNF,97471048
PNFP,7919956992
PNI,127666488
PNM,4267281920
PNNT,465963424
PNR,12785920000
PNRG,135225344
PNTG,701052736
PNTM,843524992
PNW,7481028608
POAI,55143208
PODD,21157263360
POLA,77496488
POLY,1233751040
POOL,23222177792
POR,4420254208
POSH,1529073536
POST,6934233600
POW,336720000
POWI,6520434176
POWL,321176512
POWW,748798656
PPBI,4122046464
PPBT,77333360
PPC,7073624064
PPD,16590499840
PPG,39167434752
PPGH,428662496
PPIH,70218920
PPL,22188378112
PPSI,72338872
PPT,457398688
PPTA,289236032
PRA,1326174592
PRAA,2023668608
PRAX,758199424
PRCH,2517257216
PRDO,736448128
PRFT,4735275520
PRFX,23522980
PRG,3212603392
PRGO,5681940480
PRGS,2314563072
PRI,6343207936
PRIM,1361888256
PRK,2276245504
PRLB,1594511360
PRLD,738624576
PRMW,3156576000
PRO,1622753792
PROF,242739712
PROG,270319200
PROV,126879360
PRPB,1073054784
PRPC,542615680
PRPH,90645448
PRPL,876106880
PRPO,37082192
PRQR,503894592
PRSR,396885920
PRT,84125816
PRTA,2530041344
PRTC,1309976192
PRTG,263176464
PRTH,439060832
PRTK,232235680
PRTS,706911680
PRTY,710631360
PRU,43793100800
PRVA,3268550400
PRVB,393556896
PSA,57978961920
PSB,4888324608
PSEC,3439814144
PSF,352086368
PSFE,3126363392
PSHG,23990484
PSMT,2384623872
PSN,3709356544
PSNL,750394560
PSO,6735821824
PSTG,7935388672
PSTH,3968480000
PSTI,89189960
PSTL,243482256
PSTV,34930760
PSTX,443473792
PSX,33678540800
PSXP,8745421824
PT,36623168
PTA,1366913664
PTC,14082196480
PTCT,2778780672
PTE,45210980
PTEN,1592960128
PTGX,1733293696
PTIC,282037504
PTIX,28262534
PTMN,2285612032
PTN,89121368
PTNR,983580288
PTOC,419175008
PTON,15379987456
PTPI,18032718
PTR,139722309632
PTRS,173809312
PTSI,463004512
PTVE,2476668672
PTY,2048626944
PUBM,1792496000
PUCK,323321696
PUK,52593582080
PULM,44734908
PUMP,909269248
PUYI,378167136
PV,527302368
PVBC,368720800
PVG,2776125696
PVH,8745843712
PVL,75094800
PW,221739264
PWFL,236636880
PWOD,172460768
PWR,16569633792
PXD,44377309184
PXLW,268632800
PXS,27719604
PYN,55160640
PYPD,142462752
PYPL,250276233216
PYR,670146112
PZC,250667200
PZG,31484034
PZN,844685760
PZZA,4773324288
QCOM,190575591424
QCRH,909136640
QD,436576800
QDEL,6321009152
QFIN,4146694912
QFTA,249046368
QGEN,12781656064
QH,98920816
QIPT,192236464
QIWI,551247296
QK,34703576
QLGN,30418918
QLI,119405000
QLYS,5450025472
QMCO,361035296
QNST,911531520
QQQX,1284905984
QRHC,107081256
QRTEA,3621137152
QRTEB,3602739712
QRVO,17711060992
QS,14899692544
QSR,17791561728
QTNT,227491552
QTRX,1919662592
QTT,258771552
QTWO,4879417344
QUAD,231844880
QUBT,184387920
QUIK,81869648
QUMU,44498460
QUOT,674543360
QURE,1425961856
R,4664907264
RA,948955776
RAAS,705476032
RACB,189370752
RACE,64143323136
RAD,740593728
RADA,525900384
RADI,1405464960
RAIL,70245552
RAIN,412335616
RAMP,3664466176
RAND,39702156
RAPT,1073881728
RARE,5366562304
RAVE,22776198
RAVN,2079269888
RBA,8007094272
RBAC,733124992
RBB,521501280
RBBN,885675776
RBCAA,1151208704
RBCN,23713926
RBKB,120462304
RBLX,64083189760
RBNC,574070464
RC,1132622336
RCAT,85353272
RCEL,401461248
RCG,17855286
RCHG,247994992
RCI,24447227904
RCII,3063483136
RCKT,1630887808
RCKY,308963072
RCL,21167579136
RCLF,311506272
RCM,7114802688
RCMT,78455384
RCON,53375252
RCRT,23834336
RCS,332481760
RCUS,2711150080
RDCM,164832496
RDFN,4611138560
RDHL,211174400
RDI,131336904
RDIB,258378416
RDN,4264455936
RDNT,1632118912
RDUS,888635136
RDVT,429847200
RDWR,1467134592
RDY,10685468672
RE,11141008384
REAL,1506078720
REDU,40091564
REED,46899708
REFR,74061936
REG,12602061824
REGI,2428880896
REGN,68568522752
REI,305273408
REKR,291060960
RELI,24700670
RELL,161926400
RELX,60571127808
RENN,657170816
REPH,52722612
REPL,1533203072
REPX,446752992
RERE,2048242048
RES,1070045632
RESN,142598512
RETA,3427526656
RETO,55322248
REV,769936768
REVG,1150787200
REVH,563640000
REX,517828640
REXR,9425898496
REYN,6284379648
REZI,4049871104
RF,23335192576
RFI,452053696
RFIL,79908784
RFL,114258520
RFM,142044480
RFP,868420288
RGA,7779206656
RGCO,185805632
RGEN,14640010240
RGLD,7040889344
RGLS,30261680
RGNX,1332960000
RGP,613954240
RGR,1310154112
RGS,124727448
RGT,92076992
RH,13685113856
RHE,11986700
RHI,13360036864
RHP,5029077504
RIBT,23412326
RICK,655193472
RIDE,970301632
RIG,2010727936
RIGL,508790368
RILY,2118482688
RIO,96508149760
RIOT,3519251712
RIV,172681872
RIVE,136430512
RJF,13670342656
RKDA,41712272
RKT,32490252288
RL,9313261568
RLAY,3250936576
RLGT,416493056
RLGY,1979207936
RLI,5015316992
RLJ,2290711040
RLMD,354205376
RLX,7673309696
RM,647283904
RMAX,970238656
RMBI,205045680
RMBL,150821520
RMBS,2722621184
RMCF,60956864
RMD,38620475392
RMED,13186839
RMGC,591675008
RMI,144800688
RMM,388275968
RMNI,601977984
RMO,670416704
RMR,610406912
RMT,535344160
RMTI,45127072
RNA,955428608
RNDB,134504064
RNG,23731456000
RNGR,184587408
RNLX,762979840
RNP,1325402112
RNR,7869064704
RNST,2235673856
RNWK,62547956
ROAD,2121506688
ROCK,2427479040
ROCR,147386512
ROG,5051732480
ROIC,2181952000
ROK,39538147328
ROKU,35958243328
ROL,17863608320
ROLL,5783867904
ROOT,1241670272
ROP,51756539904
ROSS,426075008
ROST,41131409408
RPAY,1824553472
RPD,7268260864
RPHM,200948816
RPM,12333332480
RPRX,25647489024
RPT,1111778176
RPTX,1023700544
RQI,2293541632
RRBI,386154976
RRC,5604566016
RRD,665684032
RRGB,300861376
RRR,5934246400
RS,10529625088
RSF,101724200
RSG,43442720768
RSI,4435350528
RSLS,13874738
RSSS,67270912
RTLR,1649772672
RTX,134721806336
RUBY,1175498368
RUN,11451465728
RUSHA,2937595648
RUSHB,3262249216
RUTH,652976768
RVI,126921464
RVLV,6123824640
RVMD,2296550144
RVNC,1020009280
RVP,293523392
RVPH,62554516
RVSB,178027312
RVT,2018555520
RWLK,69638480
RWT,1565753472
RXDX,1407683072
RXRA,424781280
RXRX,3267740672
RXT,3506110976
RY,150661578752
RYAAY,25848666112
RYAM,410203232
RYB,71172648
RYI,1046124416
RYN,5493074944
RYTM,634111872
RZA,9279505408
RZB,10014206976
RZLT,50865388
SA,1508871296
SABR,2859193856
SACH,154249312
SAFE,3874069760
SAFM,4178130176
SAFT,1217069184
SAGE,2400311552
SAH,2120918912
SAIA,9256559616
SAIC,5174597120
SAIL,5525663232
SAL,156426352
SALM,85276392
SAM,5931944448
SAMG,231282448
SAN,62930935808
SANA,4153050624
SANB,424179552
SAND,1340198144
SANM,2565421568
SANW,116817576
SAP,167398637568
SAR,320012992
SASR,2402668032
SATS,2614967552
SAVA,2506145024
SAVE,2500811008
SB,380942720
SBAC,38396497920
SBCF,2061924480
SBEV,56706936
SBFG,137119200
SBGI,1975513600
SBH,2298021376
SBI,137443248
SBII,232222576
SBLK,1847476736
SBNY,18718834688
SBOW,342233792
SBR,637990144
SBRA,3107232768
SBS,4392004096
SBSI,1434858368
SBSW,10751095808
SBT,269402432
SBTX,295125984
SBUX,132336295936
SC,12792304640
SCAQ,244000000
SCCO,46825033728
SCD,268553152
SCHL,1316139392
SCHN,1509729152
SCHW,153869565952
SCI,11612657664
SCKT,42841564
SCL,2796936704
SCLE,420037504
SCM,277147424
SCOA,704015616
SCOB,420468736
SCOR,291276800
SCPH,150181696
SCPL,429642592
SCPS,54102944
SCS,1450426496
SCSC,895016640
SCU,1209697024
SCVL,601510592
SCVX,286720896
SCWX,1724098944
SCX,81655304
SCYX,135750656
SD,494310208
SDAC,384638560
SDC,1514820096
SDGR,3165094144
SDH,54697440
SDHY,459906560
SDIG,2170146816
SDPI,28080908
SE,171354603520
SEAC,40689832
SEAH,667687488
SEAS,4991196672
SEB,4651512320
SECO,65353656
SEDG,18836695040
SEE,10191693824
SEED,57685420
SEEL,211620240
SEER,1903153664
SEIC,9225526272
SELB,394481088
SELF,51335672
SEM,4453732352
SEMR,3343155968
SENEA,436604160
SENEB,442705952
SENS,1615971840
SESN,203092384
SF,7944803840
SFBC,111104352
SFBS,4590541312
SFE,173004992
SFET,31082682
SFIX,3372956672
SFL,1109562496
SFM,2884192768
SFNC,3459583488
SFST,495137952
SFT,480010144
SFUN,47277404
SGA,158480336
SGBX,22401184
SGC,397703840
SGEN,32247556096
SGFY,3483649792
SGH,1394052480
SGLB,28857400
SGMA,44171668
SGMO,1397084416
SGMS,6619314176
SGRP,31242646
SGRY,3063026944
SGTX,158594400
SGU,453044992
SHAC,280887520
SHAK,3548608000
SHBI,230102208
SHC,6677146624
SHEN,1385421568
SHG,16530975744
SHI,4877899776
SHIP,150670336
SHIPW,69511
SHIPZ,152773
SHLS,5970326016
SHLX,4912192000
SHO,2609992704
SHOO,4204055552
SHOP,209372102656
SHW,89946947584
SHYF,1888667776
SI,5239868928
SIBN,707849280
SID,5347926016
SIEB,100106880
SIEN,285302688
SIF,45038256
SIFY,684631872
SIG,5481064960
SIGA,587222592
SIGI,4793540608
SII,1160313984
SILC,312907712
SILK,1728942464
SILV,1357167616
SIM,3986615808
SIMO,2420532736
SINO,57379272
SINT,23971214
SIOX,125066000
SIRI,26835449856
SITC,3461963776
SITE,11055958016
SITM,5039619584
SIVB,40771088384
SIX,3639398400
SJ,191663456
SJI,2776236544
SJM,13898596352
SJR,14657627136
SJT,336981632
SJW,2085293056
SKIL,1095374976
SKLZ,4489540096
SKM,19777153024
SKT,2063653888
SKX,7489289728
SKY,4376564736
SKYT,920051264
SKYW,2353329152
SLAB,9286514688
SLAC,420468736
SLAM,703656256
SLB,45528784896
SLCA,755308608
SLCR,427357568
SLDB,229969248
SLF,33186119680
SLG,5340227584
SLGG,132685312
SLGL,206794128
SLGN,4793524224
SLHG,79215024
SLM,5836615168
SLMBP,3917705984
SLN,696928512
SLNG,97247000
SLNO,60685680
SLP,1116974848
SLQT,1758076416
SLRC,806336064
SLRX,33713768
SLS,110317280
SM,4039293440
SMAR,8943005696
SMBC,493616928
SMBK,402541792
SMCI,2149172224
SMED,139008800
SMFG,45799161856
SMG,9615451136
SMHI,116133128
SMID,121730544
SMIT,22500966
SMLP,209896320
SMLR,623395200
SMM,124056800
SMMF,355435776
SMMT,504213248
SMP,1224321536
SMPL,3851196672
SMSI,313880608
SMTC,5840770048
SMTI,250871024
SMTS,263086384
SMWB,1420761856
SNA,12093911040
SNAP,83251118080
SNBR,2028799488
SNCR,123468288
SNCY,1761756672
SND,90135552
SNDL,1491534080
SNDR,4676858368
SNDX,871611008
SNES,18550100
SNEX,1391523840
SNFCA,173803664
SNGX,36227228
SNII,453697920
SNMP,60079052
SNN,15652339712
SNOA,11404664
SNOW,118321561600
SNP,72917139456
SNPS,53418033152
SNPX,39010404
SNRH,508184992
SNSE,304355584
SNV,7318550016
SNX,5871576064
SNY,128151330816
SO,66126266368
SOFI,17358688256
SOFIW,205081808
SOHO,37938000
SOHOB,64636492
SOHON,64453912
SOHOO,63422796
SOHU,689353920
SOI,344914912
SOJC,26104260608
SOL,597743744
SOLO,440505024
SOLY,440352608
SON,6247123456
SONM,127546032
SONN,12867201
SONO,4065772032
SONY,158462115840
SOR,392732960
SOS,264031968
SOTK,94565856
SP,770187200
SPAQ,687695424
SPB,4467711488
SPCB,15696980
SPCE,4433933312
SPE,150290352
SPFI,473991360
SPG,54488195072
SPGI,112883326976
SPGS,421331264
SPH,950443840
SPI,131003648
SPLK,23222700032
SPLP,750866624
SPNE,501230016
SPNS,2088217728
SPNT,1453781120
SPOK,194400032
SPOT,52247756800
SPPI,318516160
SPR,4782905344
SPRB,83187784
SPRO,492145664
SPSC,5335009280
SPT,7073811456
SPTK,525419968
SPTN,900928896
SPWH,763539520
SPWR,5389555712
SPXC,2949641984
SPXX,313234592
SQ,106897874944
SQFT,35275064
SQM,16668266496
SQNS,202566320
SQSP,6527613440
SQZ,398987136
SR,3202584832
SRAX,119406872
SRC,5513577472
SRCE,1266972544
SRCL,5751560704
SRDX,670171136
SRE,38468640768
SREV,116818200
SRG,655098496
SRGA,95191520
SRI,617695680
SRL,150533632
SRLP,428406592
SRNE,1740057728
SRPT,6583709696
SRRA,276763488
SRRK,1168743552
SRSA,245750000
SRT,185978224
SRTS,91352384
SRV,75610800
SSAA,378557728
SSB,5992308224
SSBI,96749424
SSD,5155453440
SSKN,54081600
SSL,10648343552
SSNC,20154912768
SSNT,31227480
SSP,1653043456
SSRM,4315907072
SSSS,314415872
SSTI,421551136
SSTK,4505050624
SSY,17092524
SSYS,2059097856
ST,9671588864
STAA,5335255552
STAF,64428892
STAG,6809894912
STAR,1839029248
STBA,1255215872
STC,2131356416
STCN,111850984
STE,23418066944
STEM,400514592
STEP,1931540096
STFC,2262049536
STG,741894272
STIM,115146744
STK,622440640
STKL,713565376
STKS,448251904
STL,5209803264
STLA,64616931328
STLD,13659533312
STM,46269698048
STN,6344848384
STNE,9766528000
STNG,958427200
STOK,1034417344
STON,320864800
STOR,9180566528
STRA,1479565056
STRE,316403136
STRL,808416896
STRM,70974288
STRO,882141632
STRR,12551176
STRS,291595328
STRT,164211632
STSA,184446992
STT,34390777856
STTK,511236128
STWD,7487467008
STX,24088883200
STXB,433440768
STXS,511896224
STZ,44351713280
SU,39334350848
SUI,22048206848
SUM,4862395904
SUMO,1728523904
SUMR,25164906
SUN,3981501440
SUNS,251407584
SUNW,157788176
SUP,138429920
SUPN,1763398528
SUPV,341449344
SURF,270995712
SURG,434079360
SUZ,12956707840
SV,286065376
SVA,642436736
SVC,1757023872
SVFA,784875520
SVFB,296575520
SVFC,410810400
SVM,791979264
SVOK,323117440
SVRA,127086960
SVT,28503114
SVVC,31570214
SWAV,7242436096
SWBI,1127049856
SWCH,6343523328
SWET,338100000
SWI,5262802432
SWIM,2763386624
SWIR,700936576
SWK,31594074112
SWKH,239288944
SWKS,26902728704
SWM,1097762048
SWN,3530549760
SWTX,3487753472
SWX,4097798912
SWZ,129084176
SXC,536037248
SXI,1430380032
SXT,4429865984
SXTC,13264812
SY,523184800
SYBT,1733514240
SYBX,145059920
SYF,28530337792
SYK,99107258368
SYN,49529328
SYNA,9223249920
SYNH,10430515200
SYNL,121336256
SYPR,70956472
SYRS,255438848
SYTA,18699782
SYY,38642348032
SZC,131316104
T,176403693568
TA,852599232
TAC,2945098496
TACA,286637504
TACO,310782976
TACT,116552016
TAIT,26590440
TAK,44914929664
TAL,2969677056
TALO,900417792
TALS,627413632
TANH,30276674
TANNI,1030038272
TANNL,1029642688
TANNZ,1038345024
TAOP,42044940
TAP,10544823296
TARA,80510184
TARO,2079119744
TARS,522553760
TASK,5926918656
TAST,164786112
TATT,56798080
TAYD,39716688
TBB,159265898496
TBBK,1792431744
TBCP,518037664
TBI,964641984
TBK,3272584704
TBLT,38444256
TBNK,249879056
TBPH,521580000
TC,42817340
TCAC,246875008
TCBI,3181816576
TCBK,1363310464
TCDA,351908896
TCFC,231307024
TCI,336760704
TCMD,566535424
TCOM,19717066752
TCON,51156600
TCPC,782746944
TCRR,249391936
TCS,658409152
TCVA,506912000
TCX,963527936
TD,136038768640
TDC,5324915712
TDF,633488832
TDG,36474978304
TDOC,20827013120
TDS,2242361088
TDUP,1850832640
TDW,485523072
TDY,20913393664
TEAF,202501408
TEAM,109659684864
TECH,19775651840
TECK,14527313920
TECTP,42866564
TEDU,38673412
TEF,24278145024
TEI,375347488
TEKK,306250016
TEL,54675353600
TELA,180793808
TELL,1585271936
TEN,1047561216
TENB,5787442688
TENX,34543420
TEO,2351829504
TER,24872562688
TERN,212834384
TESS,55093384
TEVA,10177027072
TEX,3381810176
TFC,85088665600
TFFP,167023920
TFII,10442408960
TFSL,5556196352
TFX,15791212544
TG,409180384
TGA,232134704
TGB,581433728
TGH,1878483712
TGI,1375598848
TGLS,1529169280
TGNA,4673764352
TGP,1468559872
TGS,796404992
TGT,130958385152
TGTX,3726267136
TH,465685600
THC,8565625856
THCA,197807248
THFF,600492480
THG,4608610304
THM,167601392
THMA,275310016
THMO,18582408
THO,6311746560
THQ,1022885504
THR,626931008
THRM,2834940928
THRY,1200905984
THS,2131057920
THTX,331115040
THW,624191808
TIG,453434112
TIGO,3681934336
TIGR,1165040768
TIL,2823977728
TILE,990833344
TIMB,5664683520
TINV,351900000
TIOA,422625024
TIPT,486146528
TIRX,37128924
TISI,47266900
TITN,757139200
TIXT,9377488896
TJX,83597688832
TK,358021280
TKAT,59828112
TKC,3728830720
TKR,5889861120
TLGA,487434688
TLIS,129085312
TLK,25448775680
TLMD,284255840
TLRY,5630501376
TLS,1197900544
TLSA,142032656
TLYS,494042112
TM,259419389952
TMAC,280312512
TMBR,18719928
TMCI,1092454528
TMDI,100075728
TMDX,696094592
TME,14352992256
TMHC,4247810560
TMKR,340522400
TMO,255110561792
TMP,1259174400
TMPM,124067840
TMQ,270549376
TMST,680510272
TMUS,148370391040
TMX,5286577664
TNC,1557901696
TNDM,8872032256
TNET,7134318592
TNK,434209344
TNL,4818922496
TNP,149478496
TNXP,179814304
TOL,8071035392
TOMZ,22275238
TOPS,47200916
TOUR,155628896
TOWN,2375049216
TPB,748260224
TPC,744632704
TPGS,389309984
TPGY,479014368
TPH,3068365824
TPHS,61665640
TPIC,823806080
TPL,9946577920
TPR,12782850048
TPTX,2202617600
TPVG,582617280
TPX,8957213696
TPZ,97460984
TR,2122987776
TRC,551904704
TRCA,264635056
TREB,643808768
TREC,219301712
TREE,1854510208
TREX,15138955264
TRGP,12426256384
TRHC,310541248
TRI,60386156544
TRIB,41176152
TRIL,1902361984
TRIN,468763552
TRIP,4227348480
TRIT,494599648
TRKA,81314768
TRMB,22263103488
TRMD,633316672
TRMK,2121447552
TRMR,1174419968
TRN,3077808384
TRNO,5332677120
TRNS,704325760
TROW,49000894464
TROX,3679030016
TRP,48045924352
TRQ,2653915392
TRS,1639785216
TRST,652147648
TRT,28056640
TRTN,4177737728
TRTX,1009659008
TRU,22202277888
TRUE,381392320
TRUP,5381297664
TRV,40151416832
TRVG,925919360
TRVI,21322212
TRVN,131774152
TRX,116170208
TS,13703159808
TSBK,238510192
TSC,999047488
TSCAP,570557568
TSCBP,645106880
TSCO,26374606848
TSE,2237370880
TSEM,3994482944
TSHA,563833216
TSI,276940736
TSIB,367124992
TSLA,1011429081088
TSLX,1779160576
TSM,610479374336
TSN,30550577152
TSP,8481314304
TSPQ,567748416
TSQ,214036480
TSRI,20032632
TT,46516674560
TTC,11082091520
TTCF,1315607424
TTD,5178923008
TTE,133826101248
TTEC,4058782464
TTEK,9862608896
TTGT,3044563456
TTI,410141888
TTM,26591084544
TTMI,1541377792
TTNP,14993386
TTOO,103274304
TTP,60792400
TTSH,434534400
TTWO,20720259072
TU,31177742336
TUEM,239608192
TUFN,370649664
TUP,893998784
TURN,78529664
TUSK,131172768
TUYA,3549997824
TV,5541383168
TVAC,218859360
TVC,13665750
TVE,13657875
TVTX,1761737344
TVTY,1335950208
TW,22387650560
TWI,501990240
TWIN,178640544
TWLO,52474982400
TWN,286953984
TWND,412753536
TWNI,420468736
TWNK,2444694272
TWO,1673822208
TWOA,272873248
TWOU,1953864832
TWST,5566092800
TWTR,41742041088
TX,7854282752
TXG,17262362624
TXMD,232021424
TXN,175418769408
TXRH,6286588416
TXT,17250938880
TY,1858027904
TYG,360344224
TYL,22562314240
TYME,158637088
TZOO,115270488
TZPS,350750016
U,54188232704
UA,10906130432
UAA,11307283456
UAL,15932980224
UAMY,83782000
UAN,812099200
UAVS,184050720
UBA,787269888
UBCP,90396408
UBER,85718171648
UBFO,136592704
UBOH,96035760
UBP,842188416
UBS,63468220416
UBSI,4973276160
UBX,148663072
UCBI,3121426432
UCL,80913688
UCTT,2619804928
UDR,16744462336
UE,2144501504
UEC,1125958144
UEIC,559664576
UEPS,328539712
UFAB,26540612
UFCS,553140224
UFI,417141152
UFPI,5510410752
UFPT,511804736
UFS,2719228416
UG,65443792
UGI,9405403136
UGP,2616904448
UGRO,146047472
UHAL,14773888000
UHS,10921883648
UHT,809248576
UI,19107106816
UIHC,206415616
UIS,1362232320
UK,84785872
UL,136640143360
ULBI,98021056
ULCC,3555239424
ULH,565309504
ULTA,22967478272
UMBF,5131495936
UMC,27753302016
UMH,1096369536
UMPQ,4649052672
UNAM,17506104
UNB,143989312
UNF,3775086080
UNFI,2863138560
UNH,430115127296
UNIT,3257352960
UNM,5381750272
UNMA,6041445376
UNP,162262646784
UNTY,278561280
UNVR,4914631168
UONE,208631584
UONEK,262694512
UPC,48720000
UPLD,702538688
UPS,187019476992
UPST,18310121472
UPWK,5617236480
URBN,3702571264
URG,349422688
URGN,304290304
URI,27953868800
UROY,407309280
USA,1947749504
USAC,1471433984
USAK,205154416
USAP,82010240
USAS,130469112
USAU,73768848
USB,90044547072
USDP,175730688
USEG,18588292
USFD,7522817024
USIO,148832640
USLM,760866688
USM,2745237504
USNA,2076690176
USPH,1260642688
USWS,164834192
USX,446639840
UTF,2663053312
UTG,1880327296
UTHR,9120852992
UTI,241181424
UTL,627355840
UTMD,400946848
UTME,42127696
UTSI,44247092
UTZ,2191403264
UUU,9829782
UUUU,1477632384
UVE,482597824
UVSP,880212800
UVV,1202946176
UWMC,10778717184
UXIN,960578240
V,468898611200
VABK,201388048
VAC,7196062208
VACC,436997984
VALE,62233112576
VALU,425764256
VAPO,558394944
VAQC,563176960
VBF,231261840
VBFC,84854376
VBIV,748604288
VBLT,142574032
VBTX,2120478720
VC,3514581504
VCEL,1900116096
VCF,69364016
VCIF,108990000
VCKA,174052496
VCNX,52775864
VCRA,1963020160
VCTR,2686811392
VCV,681123200
VCYT,3111915264
VEC,570109440
VECO,1355682944
VECT,172854368
VEEV,48406511616
VEL,269434272
VELO,281140512
VENA,60863004
VEON,3340838144
VERA,462832192
VERB,134965584
VERBW,9403290
VERI,903371904
VERO,89755536
VERU,704403008
VERV,2062287616
VERX,3130086912
VERY,120859376
VET,1593592064
VFC,30648496128
VFF,701162880
VFL,63103812
VG,4315092480
VGI,134898480
VGII,493565632
VGM,744464576
VGR,2527256064
VGZ,80380640
VHAQ,251567040
VHC,286366176
VHI,759952640
VIAC,22936113152
VIACA,23077158912
VIAO,194140496
VIAV,3543904512
VICI,15745339392
VICR,7046404096
VIEW,1037584576
VII,280887520
VINC,227992256
VINO,22674358
VINP,704021248
VIOT,319502624
VIPS,8663209984
VIR,4384062464
VIRC,54123240
VIRI,44734192
VIRT,5486424064
VIRX,224039904
VISL,81484536
VIST,500028640
VITL,788844928
VIV,14899874816
VIVE,22189612
VIVO,875915968
VJET,51099020
VKI,538470144
VKQ,750695104
VKTX,461572160
VLDR,1202413184
VLGEA,331569408
VLO,31858755584
VLON,31751242
VLRS,1930333696
VLT,95472680
VLY,5944185856
VLYPO,3410961152
VLYPP,3637957120
VMAC,129839600
VMAR,53218004
VMC,26838130688
VMD,225194832
VMI,5359710720
VMM,160494752
VMO,915488832
VMW,52571426816
VNCE,121959624
VNDA,974005376
VNE,3942762752
VNET,2497876736
VNO,8718931968
VNOM,3646082560
VNRX,213157600
VNT,5659796480
VNTR,331427200
VOC,84685504
VOD,44774121472
VOLT,71687312
VOR,663912960
VOSO,282037504
VOXX,302325664
VOYA,8158846464
VPCB,317195520
VPCC,315751008
VPG,520178048
VPV,320387616
VRA,363703680
VRAY,1011683712
VRCA,326585376
VRDN,157297088
VREX,1030838976
VRM,2702511104
VRME,28407932
VRNA,310129856
VRNS,6406273024
VRNT,3136201728
VRPX,21016888
VRRM,2641597184
VRS,778059008
VRSK,35861016576
VRSN,27188477952
VRT,9473487872
VRTS,2493379072
VRTV,2325096448
VRTX,48218972160
VS,46892232
VSAT,3674503424
VSEC,795155904
VSH,3149573888
VST,9859229696
VSTA,252770336
VSTM,544983296
VSTO,2759848192
VTAQ,215732816
VTGN,417860992
VTIQ,337755008
VTIQU,283016000
VTN,265092848
VTNR,248610224
VTOL,1074345088
VTR,20145072128
VTRS,16649290752
VTRU,317422816
VTSI,88806600
VTVT,120192040
VUZI,927170176
VVI,961719104
VVNT,2524919296
VVOS,80640776
VVPR,87637536
VVR,691700160
VVV,6504321536
VWE,645125248
VWTR,225757968
VXRT,786230080
VYGG,635726464
VYGR,126012184
VYNE,63463440
VYNT,63818036
VZ,217044811776
VZIO,3920432384
W,27419160576
WAB,18241142784
WABC,1531785344
WAFD,2563843072
WAFU,25453346
WAL,12211085312
WALD,424600992
WASH,1005977600
WAT,21699758080
WATT,114278560
WB,9970628608
WBA,42173784064
WBK,60698857472
WBS,5307665920
WBT,3360815360
WCC,6924432384
WCN,35729162240
WD,4718030336
WDAY,74418634752
WDC,17896855552
WDFC,3215712768
WDH,740840512
WEA,167747072
WEC,28461701120
WEI,61301508
WELL,34733572096
WEN,4842228224
WERN,3216601088
WES,9060558848
WETF,1023209280
WEX,6583235072
WEYS,229465024
WF,8166443008
WFC,209390764032
WFCF,69011416
WFG,10329468928
WFRD,2173726208
WGO,2526399232
WH,7976724480
WHD,3133988352
WHF,316183904
WHG,151875856
WHLM,28469034
WHLR,24946322
WHLRD,15586381
WHLRP,8488112
WHR,14838006784
WIA,332062912
WILC,304796640
WIMI,429195936
WINA,995860864
WING,5037711360
WINT,45162212
WIRE,2970897664
WISA,25440110
WISH,3110475008
WIT,49875456000
WIW,847399808
WIX,10966707200
WK,7175949824
WKEY,115787384
WKHS,843344896
WKME,1853059968
WKSP,971225600
WLDN,506312672
WLFC,248193968
WLK,13180293120
WLKP,871876800
WLL,2676774912
WLMS,127019888
WLTW,29806585856
WM,69313257472
WMB,34244083712
WMC,144807200
WMG,22560839680
WMK,1735215872
WMPN,184067920
WMS,9406812160
WMT,401225809920
WNC,962339456
WNEB,233793840
WNS,4396055040
WNW,104250000
WOOF,7409532416
WOR,2963250944
WORX,15946746
WOW,1657087104
WPC,13956904960
WPCA,350025696
WPCB,671533312
WPM,20290330624
WPP,17825982464
WPRT,459130560
WRAP,209095696
WRB,14456550400
WRE,2167836672
WRK,13115240448
WRLD,1516976256
WRN,198100960
WSBC,2392407296
WSBF,554101312
WSC,9207050240
WSFS,2605053184
WSM,16445825024
WSO,11838133248
WSR,420932576
WST,32329611264
WSTG,139886688
WTBA,542831936
WTER,125145448
WTFC,5304832000
WTFCM,3968673792
WTI,572450240
WTM,3417561856
WTRG,11606632448
WTRH,144815712
WTRU,9114449920
WTS,6857395712
WTT,44857352
WTTR,662289920
WU,7180326400
WVE,218126128
WVFC,29777098
WVVI,76180712
WVVIP,58774868
WW,1509292160
WWD,7372995584
WWE,4187609600
WWR,111236872
WWW,2858369792
WY,28097808384
WYNN,11270041600
WYY,42227136
X,6819456512
XAIR,318335392
XBIO,14344571
XBIT,415261792
XCUR,70834848
XEL,34727804928
XELA,90267800
XELB,28506736
XENE,1294018048
XENT,893636288
XERS,151991872
XFLT,167072480
XFOR,113843056
XGN,206525264
XHR,2015468672
XIN,69210848
XL,705373952
XLNX,53537259520
XLRN,10563552256
XM,19460366336
XNCR,2158968320
XNET,201594368
XOM,275311329280
XOMA,295827008
XP,18057605120
XPDI,592321856
XPEL,2110430976
XPER,2063246592
XPEV,39697993728
XPL,29798840
XPO,8744736768
XPOA,334167168
XRAY,11898331136
XRX,3824544000
XSPA,153752608
XTLB,18485460
XTNT,89308512
XXII,512086080
XYF,253109088
XYL,23596304384
Y,9655796736
YAC,429298656
YALA,1309763072
YCBD,99049376
YELL,707750592
YELP,2873863424
YETI,9043194880
YEXT,1471373824
YGMZ,43767844
YI,456375520
YJ,187732160
YMAB,848577984
YMTX,51624648
YNDX,28835676160
YORW,640125632
YPF,1626349312
YQ,154994352
YRD,288904960
YSAC,172864720
YSG,2055900416
YTEN,27409486
YTPG,533332992
YTRA,159121200
YUM,37907902464
YUMC,23057238016
YVR,22208244
YY,4298168832
Z,15438209024
ZBH,27570700288
ZBRA,32053805056
ZCMD,43392904
ZDGE,162861008
ZEAL,1106290176
ZEN,12211458048
ZEPP,516849056
ZEST,82470864
ZETA,1753219840
ZEUS,269012224
ZEV,616594048
ZG,15277377536
ZGNX,832227840
ZGYH,92050528
ZH,5042314752
ZI,29712050176
ZIM,5534949888
ZION,10893763584
ZIOP,296346880
ZIP,3327325952
ZIVO,32716166
ZIXI,483292384
ZKIN,52994648
ZLAB,8402320384
ZM,78151909376
ZME,238870048
ZNGA,8034573312
ZNH,12483317760
ZNTE,291812480
ZNTL,3181652736
ZOM,489004800
ZS,48263262208
ZSAN,65872524
ZTO,23990816768
ZTR,445916288
ZTS,104116404224
ZUMZ,1336873728
ZUO,2761825024
ZVO,54665572
ZWRK,280600000
ZY,970184512
ZYME,873998144
ZYNE,169543664
ZYXI,522177792
